density_bin,freq,count,log_cpy entropy,log_cpy variance,log_cpy median,field,log_cpy_variance
15.983,0.00013704262025489926,2,,,,Physics,
16.346,0.00034260655063724817,5,,0.0,0.6863808770279982,Physics,0.0
16.709,0.0006852131012744963,10,,0.15004676078923485,0.5756338376653245,Physics,0.15004676078923485
17.072,0.00034260655063724817,5,,,,Physics,
17.435,0.000753734411401946,11,,0.3060467905140496,-2.7755575615628914e-17,Physics,0.3060467905140496
17.798,0.0006166917911470467,9,,0.06786376246179576,0.9843003297430961,Physics,0.06786376246179576
18.161,0.000753734411401946,11,,0.2114115544613304,0.6811334987274076,Physics,0.2114115544613304
18.523,0.000753734411401946,11,,0.9141773427102861,1.0944212126043618,Physics,0.9141773427102861
18.886,0.000753734411401946,11,,0.684522721540635,0.9461246192171454,Physics,0.684522721540635
19.249,0.0004111278607646978,6,,0.11129733332423004,0.8069775765623497,Physics,0.11129733332423004
19.612,0.000753734411401946,11,,0.2082176763979405,0.37402475908026744,Physics,0.2082176763979405
19.975,0.0008907770316568453,13,,0.11408552124197305,0.22724378150306254,Physics,0.11408552124197305
20.338,0.0010278196519117446,15,,0.27987205087295264,0.5,Physics,0.27987205087295264
20.701,0.0012333835822940934,18,,0.39113506844247453,1.021189299069938,Physics,0.39113506844247453
21.064,0.001096340962039194,16,,0.20521642673592413,0.5243026667167507,Physics,0.20521642673592413
21.426,0.001507468822803892,22,,0.15009352814900676,0.5920757704213615,Physics,0.15009352814900676
21.789,0.0019185966835685898,28,,0.5574625483933343,0.6046298111541679,Physics,0.5574625483933343
22.152,0.0011648622721666438,17,,0.7457283165263251,0.9542425094393249,Physics,0.7457283165263251
22.515,0.0016445114430587912,24,,0.24368629502077382,1.1376556772709057,Physics,0.24368629502077382
22.878,0.0016445114430587912,24,,0.29071755158953394,0.6283889300503115,Physics,0.29071755158953394
23.241,0.001507468822803892,22,,0.3463335114967495,0.9336559786575475,Physics,0.3463335114967495
23.604,0.0017815540633136905,26,,0.16088387096026815,0.8502376796666679,Physics,0.16088387096026815
23.967,0.0017815540633136905,26,,0.2971103157936551,0.91204482964487,Physics,0.2971103157936551
24.33,0.0027408524050979853,40,,0.3998589996533185,0.7129843661361406,Physics,0.3998589996533185
24.692,0.002672331094970536,39,,0.46058896212824996,0.49884050441289873,Physics,0.46058896212824996
25.055,0.0029464163354803344,43,,0.7444085243070052,1.0413926851582251,Physics,0.7444085243070052
25.418,0.0034945868164999315,51,,0.5077619744262611,0.2038499229805969,Physics,0.5077619744262611
25.781,0.002192681924078388,32,,0.47654533556816653,0.4522976709946303,Physics,0.47654533556816653
26.144,0.0038371933671371796,56,,0.46476341755839906,0.8129133566428556,Physics,0.46476341755839906
26.507,0.0034945868164999315,51,,0.5450132465155196,0.6087933739869308,Physics,0.5450132465155196
26.87,0.004179799917774428,61,,0.28122913409686545,0.7279659778248622,Physics,0.28122913409686545
27.233,0.004727970398794025,69,,0.5755717514288995,0.7955323035132496,Physics,0.5755717514288995
27.595,0.0038371933671371796,56,,0.2982064224155805,0.6762699075568738,Physics,0.2982064224155805
27.958,0.0054131835000685215,79,,0.3258272339838531,0.7820639191396219,Physics,0.3258272339838531
28.321,0.00568726874057832,83,,0.5255145022077999,0.6524801446462067,Physics,0.5255145022077999
28.684,0.0051390982595587225,75,,0.43745556325760226,0.6989700043360189,Physics,0.43745556325760226
29.047,0.006920652322872413,101,,0.44586986004777335,0.6020599913279624,Physics,0.44586986004777335
29.41,0.006783609702617514,99,,0.6189317090982289,0.665326231135391,Physics,0.6189317090982289
29.773,0.007331780183637111,107,,0.5117739140398269,0.6690067809585756,Physics,0.5117739140398269
30.136,0.008702206386186104,127,,0.5279747995631874,0.5593080109070125,Physics,0.5279747995631874
30.498,0.008291078525421406,121,,0.43194635191050357,0.5904781187781473,Physics,0.43194635191050357
30.861,0.008633685076058654,126,,0.49374158340315394,0.7323937598229685,Physics,0.49374158340315394
31.224,0.008976291626695903,131,,0.3093230454944265,0.6611096473669597,Physics,0.3093230454944265
31.587,0.010004111278607647,146,,0.3921724318807623,0.6100396686441028,Physics,0.3921724318807623
31.95,0.010415239139372345,152,,0.336100927216493,0.6368220975871743,Physics,0.336100927216493
32.313,0.009524462107715499,139,,0.3112123181110682,0.6154239528859439,Physics,0.3112123181110682
32.676,0.012744963683705632,186,,0.286546361854254,0.6879746200345557,Physics,0.286546361854254
33.039,0.010552281759627243,154,,0.4194486433394773,0.6941481386903031,Physics,0.4194486433394773
33.402,0.012059750582431136,176,,0.4279098388915446,0.6497899646343742,Physics,0.4279098388915446
33.764,0.014595039057146772,213,,0.29011496348065924,0.7084126764162058,Physics,0.29011496348065924
34.127,0.01507468822803892,220,,0.20317665446921193,0.6728501952917211,Physics,0.20317665446921193
34.49,0.01507468822803892,220,,0.2823680629791152,0.6989700043360189,Physics,0.2823680629791152
34.853,0.018158147183774155,265,,0.24792873725731301,0.747540791829701,Physics,0.24792873725731301
35.216,0.017884061943264355,261,,0.3013928904526083,0.6750669777180467,Physics,0.3013928904526083
35.579,0.020076743867342744,293,,0.3652085302646931,0.752574989159953,Physics,0.3652085302646931
35.942,0.02281759627244073,333,,0.308092511684139,0.6448744926271461,Physics,0.308092511684139
36.305,0.021995340550911333,321,,0.25106610343667646,0.6989700043360189,Physics,0.25106610343667646
36.667,0.021995340550911333,321,,0.2421738359118533,0.730378468587643,Physics,0.2421738359118533
37.03,0.022337947101548582,326,,0.3171382842447454,0.6766936096248666,Physics,0.3171382842447454
37.393,0.023639851993970125,345,,0.23316394980623026,0.6842467475153124,Physics,0.23316394980623026
37.756,0.02638070439906811,385,,0.2606408863318717,0.7715206714846305,Physics,0.2606408863318717
38.119,0.02466767164588187,360,,0.18305998078988162,0.7781512503836436,Physics,0.18305998078988162
38.482,0.027545566671234752,402,,0.24616346099179434,0.6934723121852873,Physics,0.24616346099179434
38.845,0.027271481430724956,398,,0.23936453887827433,0.7617608341954742,Physics,0.23936453887827433
39.208,0.02836782239276415,414,,0.23170928064996826,0.7160033436347992,Physics,0.23170928064996826
39.57,0.027477045361107306,401,,0.24164872939409401,0.7415208108578343,Physics,0.24164872939409401
39.933,0.027682609291489652,404,,0.19599494832844025,0.7447274948966939,Physics,0.19599494832844025
40.296,0.027888173221872002,407,,0.22273472331869149,0.6989700043360189,Physics,0.22273472331869149
40.659,0.028025215842126902,409,,0.19459981090430656,0.7832908900360547,Physics,0.19459981090430656
41.022,0.029327120734548445,428,,0.21065164968089525,0.7683914130944873,Physics,0.21065164968089525
41.385,0.02836782239276415,414,,0.21167167866813674,0.785329835010767,Physics,0.21167167866813674
41.748,0.02651774701932301,387,,0.22319693303362542,0.7781512503836436,Physics,0.22319693303362542
42.111,0.023502809373715225,343,,0.2261141530498931,0.7647872888256622,Physics,0.2261141530498931
42.474,0.02459915033575442,359,,0.19773642275518005,0.7615479191262838,Physics,0.19773642275518005
42.836,0.024941756886391667,364,,0.20905841234395092,0.820784266305818,Physics,0.20905841234395092
43.199,0.022337947101548582,326,,0.16739878371775566,0.7871060930365701,Physics,0.16739878371775566
43.562,0.022474989721803482,328,,0.23044945324010616,0.7533276666586115,Physics,0.23044945324010616
43.925,0.021104563519254486,308,,0.24670028370900374,0.7403626894942439,Physics,0.24670028370900374
44.288,0.01685624229135261,246,,0.22318016583137695,0.8239087409443188,Physics,0.22318016583137695
44.651,0.015896943949568317,232,,0.21206342357825878,0.859902316257474,Physics,0.21206342357825878
45.014,0.01507468822803892,220,,0.23231229490482505,0.9344984512435677,Physics,0.23231229490482505
45.377,0.012607921063450734,184,,0.19916387797088142,0.6926754406820086,Physics,0.19916387797088142
45.739,0.010620803069754693,155,,0.19676644729244583,0.8016323462331665,Physics,0.19676644729244583
46.102,0.010278196519117445,150,,0.2090941242139553,0.8701813447471219,Physics,0.2090941242139553
46.465,0.00753734411401946,110,,0.2310710984406607,0.8450980400142568,Physics,0.2310710984406607
46.828,0.006715088392490064,98,,0.21992003200274593,0.9286662482156343,Physics,0.21992003200274593
47.191,0.005481704810195971,80,,0.21259614457734582,0.8129133566428556,Physics,0.21259614457734582
47.554,0.005481704810195971,80,,0.25583688726405784,0.8692317197309762,Physics,0.25583688726405784
47.917,0.003357544196245032,49,,0.18499926855709567,0.9259687322722812,Physics,0.18499926855709567
48.28,0.003083458955735234,45,,0.08319252287505362,0.8750612633917001,Physics,0.08319252287505362
48.643,0.0026038097848430863,38,,0.2887861948481829,0.7702898582522271,Physics,0.2887861948481829
49.005,0.0013704262025489927,20,,0.07429480759344959,0.6532125137753437,Physics,0.07429480759344959
49.368,0.0018500753734411403,27,,0.17552188001015373,0.9877159042546315,Physics,0.17552188001015373
49.731,0.0008907770316568453,13,,0.05462701954943004,1.105510184769974,Physics,0.05462701954943004
50.094,0.0013704262025489927,20,,0.10083684377514342,0.8740940135031001,Physics,0.10083684377514342
50.457,0.0008222557215293956,12,,0.08801358837686257,1.1401373870366809,Physics,0.08801358837686257
50.82,0.00047964917089214745,7,,0.2840654661875197,0.9423032906489652,Physics,0.2840654661875197
51.183,0.0002055639303823489,3,,0.0017449856782246443,0.4811057195553001,Physics,0.0017449856782246443
51.546,0.00034260655063724817,5,,0.03528078771353827,1.0909217939723863,Physics,0.03528078771353827
51.908,0.00013704262025489926,2,,0.0,0.9208187539523752,Physics,0.0
13.534,5.0784622416332335e-05,1,,,,Economics,
13.985,5.0784622416332335e-05,1,,,,Economics,
14.436,5.0784622416332335e-05,1,,0.0,-0.6690067809585758,Economics,0.0
14.887,0.00010156924483266467,2,,,,Economics,
15.338,5.0784622416332335e-05,1,,0.0,0.5785788954784394,Economics,0.0
15.79,5.0784622416332335e-05,1,,,,Economics,
16.241,0.0002539231120816617,5,,0.0,0.2466723333413885,Economics,0.0
16.692,0.0005586308465796557,11,,1.5386725774704242,-0.19957235490520417,Economics,1.5386725774704242
17.143,0.0005078462241633234,10,,,,Economics,
17.595,0.00035549235691432633,7,,0.0,0.07463361829690418,Economics,0.0
18.046,0.0007109847138286527,14,,0.09782541293679758,-0.9659830573640864,Economics,0.09782541293679758
18.497,0.001218830937991976,24,,0.6868198194729614,0.3521825181113625,Economics,0.6868198194729614
18.948,0.001218830937991976,24,,0.05713114378881792,-0.22454626555970947,Economics,0.05713114378881792
19.4,0.001066477070742979,21,,0.4595138592031222,-0.6368220975871745,Economics,0.4595138592031222
19.851,0.001218830937991976,24,,0.33931791443095144,-0.2821357152192813,Economics,0.33931791443095144
20.302,0.0017774617845716318,35,,0.558325839135539,-0.42254902000712846,Economics,0.558325839135539
20.753,0.0021837387639022906,43,,0.30054645425882537,-0.3979400086720376,Economics,0.30054645425882537
21.205,0.002590015743232949,51,,0.31749428043137307,-0.2041199826559248,Economics,0.31749428043137307
21.656,0.0027931542328982783,55,,0.6552094584091722,-0.0866217080914275,Economics,0.6552094584091722
22.107,0.0035549235691432635,70,,0.7337072142162913,0.13650063603186882,Economics,0.7337072142162913
22.558,0.0039104159260575895,77,,0.4801202765572068,0.16272729749769976,Economics,0.4801202765572068
23.01,0.004621400639886242,91,,0.645476947205103,0.0,Economics,0.645476947205103
23.461,0.0062972931796252095,124,,0.602574719721041,-0.08715017571890014,Economics,0.602574719721041
23.912,0.006500431669290539,128,,0.5931192809612862,0.13830269816628146,Economics,0.5931192809612862
24.363,0.007566908740033518,149,,0.6238927260372126,-0.041392685158225,Economics,0.6238927260372126
24.814,0.008785739678025494,173,,0.6159250232920397,0.31527043477859146,Economics,0.6159250232920397
25.266,0.010613986085013459,209,,0.509930516119325,-0.10542668265744656,Economics,0.509930516119325
25.717,0.011375755421258443,224,,0.4984183331746286,0.12493873660829993,Economics,0.4984183331746286
26.168,0.014270478898989386,281,,0.5362735851883191,-0.058556699548171706,Economics,0.5362735851883191
26.619,0.017063633131887666,336,,0.5642284535714844,-0.026328938722349204,Economics,0.5642284535714844
27.071,0.013864201919658727,273,,0.48858026389174986,0.07255066714861183,Economics,0.48858026389174986
27.522,0.01655578690772434,326,,0.5825487107235944,0.12874455294274506,Economics,0.5825487107235944
27.973,0.020161495099283937,397,,0.5676024014110606,0.07255066714861183,Economics,0.5676024014110606
28.424,0.020770910568279923,409,,0.6671270659624764,0.05236767526000649,Economics,0.6671270659624764
28.876,0.021177187547610582,417,,0.6264588920213019,0.22614883549731515,Economics,0.6264588920213019
29.327,0.022751510842516885,448,,0.4838058160354883,0.05187471876918094,Economics,0.4838058160354883
29.778,0.023360926311512875,460,,0.6221754626363759,0.054357662322592676,Economics,0.6221754626363759
30.229,0.023665634046010867,466,,0.5717358693957941,0.04845500650402822,Economics,0.5717358693957941
30.681,0.026865065258239805,529,,0.5902035182967014,0.059049656038997256,Economics,0.5902035182967014
31.132,0.02808389619623178,553,,0.49506008417847147,0.028028723600243624,Economics,0.49506008417847147
31.583,0.02788075770656645,549,,0.5920750755402754,0.08432088570003587,Economics,0.5920750755402754
32.034,0.027271342237570464,537,,0.5461239417595707,0.15970084286751188,Economics,0.5461239417595707
32.485,0.030369204204966735,598,,0.5855074655096876,0.15126767533064914,Economics,0.5855074655096876
32.937,0.03021685033771774,595,,0.5726863318837464,0.0,Economics,0.5726863318837464
33.388,0.033619420039612005,662,,0.5610731825975548,0.16272729749769976,Economics,0.5610731825975548
33.839,0.030166065715301407,594,,0.552454270856912,0.22117957423022522,Economics,0.552454270856912
34.29,0.029962927225636076,590,,0.5386794620179232,0.09434019318185088,Economics,0.5386794620179232
34.742,0.03087705042913006,608,,0.5751397365666757,0.2218487496163564,Economics,0.5751397365666757
35.193,0.030470773449799402,600,,0.5725339410147903,0.10914446942506807,Economics,0.5725339410147903
35.644,0.027068203747905133,533,,0.5602463364502579,0.2498774732165999,Economics,0.5602463364502579
36.095,0.028134680818648113,554,,0.5347394633456173,0.17609125905568124,Economics,0.5347394633456173
36.547,0.027220557615154132,536,,0.5507889805290925,0.19505733558004051,Economics,0.5507889805290925
36.998,0.025290741963333502,498,,0.5208522644849793,0.1694092782766905,Economics,0.5208522644849793
37.449,0.023614849423594535,465,,0.5185752902150079,0.12493873660829993,Economics,0.5185752902150079
37.9,0.02483368036158651,489,,0.5587733119929822,0.21085336531489318,Economics,0.5587733119929822
38.352,0.021634249149357576,426,,0.583652288260962,0.11918640771920867,Economics,0.583652288260962
38.803,0.022751510842516885,448,,0.5146426461140083,0.23408320603336796,Economics,0.5146426461140083
39.254,0.01995835660961861,393,,0.5714666461464714,0.12151902434314721,Economics,0.5714666461464714
39.705,0.01995835660961861,393,,0.6204958917289308,0.3010299956639812,Economics,0.6204958917289308
40.157,0.017317556243969325,341,,0.5751802901519056,0.26531444339744664,Economics,0.5751802901519056
40.608,0.015997156061144685,315,,0.5894544308647154,0.20251741271831908,Economics,0.5894544308647154
41.059,0.01721598699913666,339,,0.5435153691637703,0.1398159254813754,Economics,0.5435153691637703
41.51,0.016047940683561017,316,,0.5235720076629479,0.2041199826559248,Economics,0.5235720076629479
41.961,0.013457924940328068,265,,0.5135611404515065,0.19658810943798682,Economics,0.5135611404515065
42.413,0.01173124777817277,231,,0.5843285265654569,0.17609125905568124,Economics,0.5843285265654569
42.864,0.011426540043674775,225,,0.6541858410710111,0.06214790674884435,Economics,0.6541858410710111
43.315,0.009649078259103144,190,,0.5009869006074661,0.12493873660829993,Economics,0.5009869006074661
43.766,0.006703570158955868,132,,0.5389679074654768,0.10590340566110788,Economics,0.5389679074654768
44.218,0.007973185719364177,157,,0.6141141527018206,0.12874455294274506,Economics,0.6141141527018206
44.669,0.00543395459854756,107,,0.768191704474961,0.3010299956639812,Economics,0.768191704474961
45.12,0.004469046772637246,88,,0.6384726143986474,0.05115252244738129,Economics,0.6384726143986474
45.571,0.003453354324310599,68,,0.591996039150214,-0.06454734818972885,Economics,0.591996039150214
46.023,0.0025392311208166166,50,,0.6893374214470281,0.2632414347745814,Economics,0.6893374214470281
46.474,0.002132954141485958,42,,0.3689156926369126,-0.05115252244738131,Economics,0.3689156926369126
46.925,0.002234523386318623,44,,0.3353355842684496,0.1549019599857432,Economics,0.3353355842684496
47.376,0.0018282464069879641,36,,0.5852552619712931,0.5910646070264992,Economics,0.5852552619712931
47.828,0.0015743232949063024,31,,0.4316873159903941,-0.18619295209982473,Economics,0.4316873159903941
48.279,0.0011680463155756438,23,,0.5958990007283625,0.03476210625921191,Economics,0.5958990007283625
48.73,0.001066477070742979,21,,0.4158147226407376,0.5118833609788743,Economics,0.4158147226407376
49.181,0.0008633385810776497,17,,0.11710543874822396,-0.1505149978319906,Economics,0.11710543874822396
49.633,0.00035549235691432633,7,,0.06869869550745215,0.36797678529459443,Economics,0.06869869550745215
50.084,0.0009649078259103144,19,,0.30574387035703066,-0.08804562952784062,Economics,0.30574387035703066
50.535,0.0008125539586613174,16,,0.26565189964966196,0.5991321190034362,Economics,0.26565189964966196
50.986,0.000609415468995988,12,,0.5013890247593681,0.3010299956639812,Economics,0.5013890247593681
51.437,0.00045706160174699103,9,,0.5609441160223487,0.6671781699121675,Economics,0.5609441160223487
51.889,0.0004062769793306587,8,,0.35005791715882556,0.44648642635020114,Economics,0.35005791715882556
52.34,0.000304707734497994,6,,0.0,-0.47712125471966244,Economics,0.0
52.791,0.0002539231120816617,5,,0.8239878894097827,0.2087677823677092,Economics,0.8239878894097827
53.242,0.0002539231120816617,5,,0.807946346077392,0.07306401783911903,Economics,0.807946346077392
53.694,0.000304707734497994,6,,0.0,1.2304489213782739,Economics,0.0
54.145,0.0002539231120816617,5,,0.0,1.469822015978163,Economics,0.0
54.596,0.00010156924483266467,2,24.738227521016977,0.5005373938669365,-0.40645667832142784,Economics,0.5005373938669365
55.047,0.000152353867248997,3,,0.0,-1.0791812460476249,Economics,0.0
55.499,0.00020313848966532934,4,,,,Economics,
55.95,0.000152353867248997,3,,0.1388568521641367,0.6736650076584753,Economics,0.1388568521641367
56.401,5.0784622416332335e-05,1,,,,Economics,
56.852,0.00010156924483266467,2,,0.0,-1.113943352306837,Economics,0.0
57.304,0.0,0,,,,Economics,
57.755,0.0,0,,,,Economics,
58.206,5.0784622416332335e-05,1,,,,Economics,
13.508,0.0,0,,,,Philosophy,
13.937,8.29393713195654e-05,1,,0.0,-0.6989700043360187,Philosophy,0.0
14.367,0.0,0,,,,Philosophy,
14.796,0.0,0,,,,Philosophy,
15.225,0.0,0,,,,Philosophy,
15.654,8.29393713195654e-05,1,,,,Philosophy,
16.084,0.0,0,,,,Philosophy,
16.513,0.0004976362279173924,6,,,,Philosophy,
16.942,0.0001658787426391308,2,,,,Philosophy,
17.372,0.0009123330845152193,11,,0.47624576793677326,-0.2641368885835219,Philosophy,0.47624576793677326
17.801,0.0004976362279173924,6,,0.6672431187904084,-0.8290056983285563,Philosophy,0.6672431187904084
18.23,0.0007464543418760885,9,,0.0,0.136219747017989,Philosophy,0.0
18.66,0.0007464543418760885,9,,0.0,-0.9542425094393249,Philosophy,0.0
19.089,0.001244090569793481,15,,0.2984848189948798,-0.33579210192319314,Philosophy,0.2984848189948798
19.518,0.0019905449116695696,24,,0.2017057568843809,-0.41497334797081803,Philosophy,0.2017057568843809
19.948,0.0017417267977108733,21,,0.062052428755759115,0.3590219426416679,Philosophy,0.062052428755759115
20.377,0.001907605540350004,23,,0.5768630789859533,0.08804562952784062,Philosophy,0.5768630789859533
20.806,0.001907605540350004,23,,0.3125991177928309,0.47712125471966244,Philosophy,0.3125991177928309
21.236,0.002322302396947831,28,,0.3441227262008998,-0.4101372281446124,Philosophy,0.3441227262008998
21.665,0.0025711205109065272,31,,0.4286666425551161,-0.07985042143375595,Philosophy,0.4286666425551161
22.094,0.0030687567388239198,37,,0.5538872621557862,0.48642387697819267,Philosophy,0.5538872621557862
22.524,0.0032346354814630504,39,,0.8203701500199905,0.27300127206373764,Philosophy,0.8203701500199905
22.953,0.004561665422576097,55,,0.7925679659526242,0.3424226808222063,Philosophy,0.7925679659526242
23.382,0.006552210334245666,79,,0.5019793767934574,0.41483053491670496,Philosophy,0.5019793767934574
23.811,0.006966907190843493,84,,0.6954737413188824,0.505149978319906,Philosophy,0.6954737413188824
24.241,0.006635149705565232,80,,0.4462266018519548,0.5440680443502757,Philosophy,0.4462266018519548
24.67,0.009703906444389152,117,,0.79784558345853,0.24096006880071558,Philosophy,0.79784558345853
25.099,0.010947997014182632,132,,0.6196631669079605,0.47712125471966244,Philosophy,0.6196631669079605
25.529,0.01136269387078046,137,,0.6953719722275066,0.46701956167551895,Philosophy,0.6953719722275066
25.958,0.013436178153769594,162,,0.4950716146479569,0.2596373105057561,Philosophy,0.4950716146479569
26.387,0.014514389980923945,175,,0.5976169462095693,0.30989437914419704,Philosophy,0.5976169462095693
26.817,0.015924359293356557,192,,0.5461302205207094,0.568460016945707,Philosophy,0.5461302205207094
27.246,0.018080782947665255,218,,0.4931839925886574,0.38021124171160603,Philosophy,0.4931839925886574
27.675,0.021481297171767437,259,,0.44798611401313965,0.46080989459533217,Philosophy,0.44798611401313965
28.105,0.022227751513643527,268,,0.3766246067048531,0.4873404199013485,Philosophy,0.3766246067048531
28.534,0.024052417682673966,290,,0.5018354916538084,0.3756636139608854,Philosophy,0.5018354916538084
28.963,0.026042962594343536,314,,0.47342168156923947,0.41300375510791354,Philosophy,0.47342168156923947
29.393,0.027535871278095713,332,,0.4941768120533328,0.49600659888003623,Philosophy,0.4941768120533328
29.822,0.027287053164137015,329,,0.5379192374247697,0.3979400086720376,Philosophy,0.5379192374247697
30.251,0.03417102098366094,412,,0.48505437052634764,0.3324254105937089,Philosophy,0.48505437052634764
30.681,0.02902877996184789,350,,0.48901275824111595,0.36797678529459443,Philosophy,0.48901275824111595
31.11,0.031268142987476155,377,,0.3699916401585131,0.3010299956639812,Philosophy,0.3699916401585131
31.539,0.03541511155345443,427,,0.4260724458460381,0.3010299956639812,Philosophy,0.4260724458460381
31.968,0.033175748527826156,400,,0.4598256753132108,0.3979400086720376,Philosophy,0.4598256753132108
32.398,0.03441983909761964,415,,0.44243992390916626,0.4118186110173143,Philosophy,0.44243992390916626
32.827,0.03558099029609355,429,,0.3979811877239435,0.3399480616943509,Philosophy,0.3979811877239435
33.256,0.03483453595421747,420,,0.40532135197432917,0.306979607313835,Philosophy,0.40532135197432917
33.686,0.032595172928589204,393,,0.3753250757182744,0.3010299956639812,Philosophy,0.3753250757182744
34.115,0.03209753670067181,387,,0.36966892390086314,0.4326507130512719,Philosophy,0.36966892390086314
34.544,0.031102264244837023,375,,0.4146561300311501,0.3010299956639812,Philosophy,0.4146561300311501
34.974,0.03300986978518703,398,,0.4103255870780185,0.414973347970818,Philosophy,0.4103255870780185
35.403,0.031268142987476155,377,,0.3586835135478396,0.36797678529459443,Philosophy,0.3586835135478396
35.832,0.03168283984407398,382,,0.3767205365060603,0.293668367253628,Philosophy,0.3767205365060603
36.262,0.026623538193580494,321,,0.3437660435883618,0.36172783601759284,Philosophy,0.3437660435883618
36.691,0.02703823505017832,326,,0.33200710934181443,0.38021124171160603,Philosophy,0.33200710934181443
37.12,0.026042962594343536,314,,0.3650817346943255,0.3521825181113625,Philosophy,0.3650817346943255
37.55,0.022808327112880486,275,,0.3425206088851109,0.3010299956639812,Philosophy,0.3425206088851109
37.979,0.022559508998921788,272,,0.3743729132755183,0.3010299956639812,Philosophy,0.3743729132755183
38.408,0.022393630256282656,270,,0.31170801462892034,0.3979400086720376,Philosophy,0.31170801462892034
38.837,0.016670813635232644,201,,0.27224367665725324,0.3010299956639812,Philosophy,0.27224367665725324
39.267,0.016504934892593515,199,,0.4183988119024484,0.2218487496163564,Philosophy,0.4183988119024484
39.696,0.011943269470017417,144,,0.32250438379031343,0.3881801713828814,Philosophy,0.32250438379031343
40.125,0.009455088330430456,114,,0.2623115600398409,0.23244339915132542,Philosophy,0.2623115600398409
40.555,0.007796300904039147,94,,0.31937309482111476,0.24303804868629444,Philosophy,0.31937309482111476
40.984,0.006386331591606536,77,,0.35039410529210135,0.3010299956639812,Philosophy,0.35039410529210135
41.413,0.0061375134776478395,74,,0.22284144611003764,0.4033019413679242,Philosophy,0.22284144611003764
41.843,0.0038981504520195736,47,,0.2835241237585865,0.3010299956639812,Philosophy,0.2835241237585865
42.272,0.002654059882226093,32,,0.24781923326810557,0.6721493429104808,Philosophy,0.24781923326810557
42.701,0.002654059882226093,32,,0.34135583701202,0.25594168048943716,Philosophy,0.34135583701202
43.131,0.001492908683752177,18,,0.2780168007868499,0.3217263382430937,Philosophy,0.2780168007868499
43.56,0.0013270299411130464,16,,0.4538254480644827,0.17609125905568124,Philosophy,0.4538254480644827
43.989,0.0017417267977108733,21,,0.26140485662201746,0.7132104434506291,Philosophy,0.26140485662201746
44.419,0.001658787426391308,20,,0.1493707503182052,0.1960552325056569,Philosophy,0.1493707503182052
44.848,0.0011611511984739155,14,,0.2652753492739212,0.6020599913279624,Philosophy,0.2652753492739212
45.277,0.0003317574852782616,4,,,,Philosophy,
45.707,0.0007464543418760885,9,,0.0,-0.6020599913279624,Philosophy,0.0
46.136,0.000829393713195654,10,,0.5178257355211111,-0.20508723254452466,Philosophy,0.5178257355211111
46.565,0.0007464543418760885,9,,0.03325135392372158,-0.41971045356128317,Philosophy,0.03325135392372158
46.994,0.0004976362279173924,6,,0.0,0.91204482964487,Philosophy,0.0
47.424,0.0006635149705565232,8,,,,Philosophy,
47.853,0.0005805755992369577,7,,0.0,0.5959858436157692,Philosophy,0.0
48.282,0.0001658787426391308,2,,0.0,-0.24303804868629447,Philosophy,0.0
48.712,0.0005805755992369577,7,,0.0,-0.6020599913279624,Philosophy,0.0
49.141,0.0006635149705565232,8,,0.24464184543642764,0.24303804868629444,Philosophy,0.24464184543642764
49.57,0.0004976362279173924,6,,0.08394450091703533,-0.23408320603336796,Philosophy,0.08394450091703533
50.0,0.0007464543418760885,9,,0.22598269062339105,0.5835765856339493,Philosophy,0.22598269062339105
50.429,0.0004976362279173924,6,,0.0,0.35471485462675756,Philosophy,0.0
50.858,0.000414696856597827,5,,0.0,-0.17609125905568127,Philosophy,0.0
51.288,0.0003317574852782616,4,,0.12213976674037352,0.0484550065040282,Philosophy,0.12213976674037352
51.717,0.0004976362279173924,6,,0.3343482842583578,-0.13469857389745624,Philosophy,0.3343482842583578
52.146,0.0003317574852782616,4,,0.022654764572364136,-0.45154499349597177,Philosophy,0.022654764572364136
52.576,0.0003317574852782616,4,,0.09061905828945657,0.7403626894942439,Philosophy,0.09061905828945657
53.005,0.0002488181139586962,3,,0.0,-0.0377885608893998,Philosophy,0.0
53.434,0.0002488181139586962,3,,,,Philosophy,
53.864,0.0,0,,,,Philosophy,
54.293,8.29393713195654e-05,1,,0.0,1.3741370939994129,Philosophy,0.0
54.722,8.29393713195654e-05,1,,,,Philosophy,
55.151,0.0,0,,,,Philosophy,
55.581,8.29393713195654e-05,1,,,,Philosophy,
56.01,0.0001658787426391308,2,,0.0,0.870208760597288,Philosophy,0.0
13.414,0.0,0,,,,Linguistics,
14.277,0.0002244165170556553,4,,,,Linguistics,
15.139,0.00016831238779174148,3,,0.0,-0.45229767099463036,Linguistics,0.0
16.002,0.00028052064631956913,5,,0.013640272547047905,0.9352374226234133,Linguistics,0.013640272547047905
16.864,0.0010659784560143628,19,,0.30036092194578895,0.6092032516026695,Linguistics,0.30036092194578895
17.727,0.0015709156193895871,28,,0.19967747212475334,0.6237235837956747,Linguistics,0.19967747212475334
18.59,0.0020758527827648113,37,,0.22368187274686424,0.3010299956639812,Linguistics,0.22368187274686424
19.452,0.0026929982046678637,48,,0.15346604645538614,0.17609125905568124,Linguistics,0.15346604645538614
20.315,0.003758976660682226,67,,0.48718397727677937,0.04242918946965771,Linguistics,0.48718397727677937
21.177,0.005442100538599641,97,,0.39626503446791767,0.320123768305488,Linguistics,0.39626503446791767
22.04,0.006395870736086176,114,,0.5119737690234262,0.5541697373944191,Linguistics,0.5119737690234262
22.902,0.009593806104129264,171,,0.47955872192591376,0.5867010602724501,Linguistics,0.47955872192591376
23.765,0.013240574506283662,236,,0.5049029411844728,0.3590219426416679,Linguistics,0.5049029411844728
24.628,0.017953321364452424,320,,0.5149832734905126,0.5228787452803376,Linguistics,0.5149832734905126
25.49,0.021319569120287252,380,,0.42630346483938425,0.47712125471966244,Linguistics,0.42630346483938425
26.353,0.026986086175942548,481,,0.5173857438288435,0.568201724066995,Linguistics,0.5173857438288435
27.215,0.033999102333931774,606,,0.42834159597562627,0.5314789170422551,Linguistics,0.42834159597562627
28.078,0.04291965888689408,765,,0.49060754019121816,0.47712125471966244,Linguistics,0.49060754019121816
28.94,0.04864228007181329,867,,0.4624898518763929,0.47712125471966244,Linguistics,0.4624898518763929
29.803,0.05453321364452424,972,,0.4588473596343178,0.47712125471966244,Linguistics,0.4588473596343178
30.666,0.06019973070017953,1073,,0.48286873023275456,0.5756338376653245,Linguistics,0.48286873023275456
31.528,0.06827872531418312,1217,,0.4528602351746831,0.49512008135542185,Linguistics,0.4528602351746831
32.391,0.07439407540394972,1326,,0.4402078059525695,0.5563025007672873,Linguistics,0.4402078059525695
33.253,0.07669434470377019,1367,,0.3443176183881444,0.5118833609788743,Linguistics,0.3443176183881444
34.116,0.07933123877917415,1414,,0.3839158353604419,0.5371191843949479,Linguistics,0.3839158353604419
34.978,0.07315978456014363,1304,,0.36160098253575973,0.47712125471966244,Linguistics,0.36160098253575973
35.841,0.0689519748653501,1229,,0.4100919297387129,0.4890204780193702,Linguistics,0.4100919297387129
36.704,0.059919210053859966,1068,,0.406811135898157,0.5440680443502757,Linguistics,0.406811135898157
37.566,0.04583707360861759,817,,0.3721576846384377,0.505149978319906,Linguistics,0.3721576846384377
38.429,0.03377468581687612,602,,0.3548688162182862,0.5587312582679467,Linguistics,0.3548688162182862
39.291,0.023844254937163377,425,,0.3560006681475262,0.6117125689256557,Linguistics,0.3560006681475262
40.154,0.015821364452423697,282,,0.4893576681604884,0.7781512503836436,Linguistics,0.4893576681604884
41.017,0.010098743267504488,180,,0.5014511678439192,0.6020599913279624,Linguistics,0.5014511678439192
41.879,0.005442100538599641,97,,0.5642161228029526,0.7196663469151314,Linguistics,0.5642161228029526
42.742,0.003422351885098743,61,,0.3783756684343125,1.1026623418971477,Linguistics,0.3783756684343125
43.604,0.002300269299820467,41,,0.3657496660084878,0.7144821705142663,Linguistics,0.3657496660084878
44.467,0.0019636445242369838,35,,0.4276867437683222,0.9030899869919435,Linguistics,0.4276867437683222
45.329,0.0007854578096947936,14,,0.27523234348211134,0.3055074169904444,Linguistics,0.27523234348211134
46.192,0.00033662477558348296,6,,0.38851395496268387,0.24303804868629444,Linguistics,0.38851395496268387
47.055,0.00016831238779174148,3,,0.0,0.17609125905568124,Linguistics,0.0
47.917,5.6104129263913826e-05,1,,,,Linguistics,
48.78,0.0,0,,,,Linguistics,
49.642,0.0,0,,,,Linguistics,
50.505,0.0,0,,,,Linguistics,
51.367,0.0,0,,,,Linguistics,
52.23,0.0,0,,,,Linguistics,
53.093,0.0,0,,,,Linguistics,
53.955,5.6104129263913826e-05,1,,0.0,-0.6532125137753437,Linguistics,0.0
54.818,0.00011220825852782765,2,46.78494089024915,0.13994633093885775,0.11882150839979413,Linguistics,0.13994633093885775
55.68,5.6104129263913826e-05,1,,0.0,-0.35218251811136253,Linguistics,0.0
56.543,0.0,0,,,,Linguistics,
57.405,0.0,0,,,,Linguistics,
58.268,0.00011220825852782765,2,68.38263418318425,0.06550614381175716,-0.09624083762192533,Linguistics,0.06550614381175716
59.131,0.0,0,,,,Linguistics,
59.993,0.0,0,,,,Linguistics,
60.856,0.0,0,,,,Linguistics,
61.718,5.6104129263913826e-05,1,,,,Linguistics,
62.581,0.0,0,,,,Linguistics,
63.443,0.0,0,,,,Linguistics,
64.306,5.6104129263913826e-05,1,,,,Linguistics,
65.169,0.0,0,,,,Linguistics,
66.031,0.0,0,,,,Linguistics,
66.894,0.00011220825852782765,2,,0.0,0.7518223116612945,Linguistics,0.0
67.756,0.0,0,,,,Linguistics,
68.619,0.0,0,,,,Linguistics,
69.481,0.0,0,,,,Linguistics,
70.344,0.0,0,,,,Linguistics,
71.207,0.00011220825852782765,2,,0.0,-0.41017446508904926,Linguistics,0.0
72.069,0.0,0,,,,Linguistics,
72.932,0.0,0,,,,Linguistics,
73.794,0.00011220825852782765,2,,,,Linguistics,
74.657,0.0,0,,,,Linguistics,
75.52,0.0,0,,,,Linguistics,
76.382,0.0,0,,,,Linguistics,
77.245,5.6104129263913826e-05,1,,,,Linguistics,
78.107,5.6104129263913826e-05,1,,,,Linguistics,
78.97,0.0,0,,,,Linguistics,
79.832,5.6104129263913826e-05,1,,,,Linguistics,
80.695,5.6104129263913826e-05,1,,,,Linguistics,
81.558,5.6104129263913826e-05,1,,,,Linguistics,
82.42,5.6104129263913826e-05,1,,,,Linguistics,
83.283,5.6104129263913826e-05,1,,,,Linguistics,
84.145,5.6104129263913826e-05,1,,,,Linguistics,
85.008,0.0,0,,,,Linguistics,
85.87,0.0,0,,,,Linguistics,
86.733,0.0,0,,,,Linguistics,
87.596,0.00011220825852782765,2,,,,Linguistics,
88.458,5.6104129263913826e-05,1,,,,Linguistics,
89.321,5.6104129263913826e-05,1,,,,Linguistics,
90.183,5.6104129263913826e-05,1,,,,Linguistics,
91.046,5.6104129263913826e-05,1,,,,Linguistics,
91.908,5.6104129263913826e-05,1,,,,Linguistics,
92.771,0.00011220825852782765,2,,,,Linguistics,
93.634,0.0,0,,,,Linguistics,
94.496,5.6104129263913826e-05,1,,,,Linguistics,
95.359,0.0003927289048473968,7,72.67917218882266,0.06966443835765072,0.9505146369200818,Linguistics,0.06966443835765072
96.221,0.0,0,,,,Linguistics,
97.084,5.6104129263913826e-05,1,,,,Linguistics,
97.946,5.6104129263913826e-05,1,,,,Linguistics,
98.809,5.6104129263913826e-05,1,,,,Linguistics,
14.316,0.00013744759810322316,2,,,,Geology,
14.809,0.00034361899525805784,5,,0.023261714504661076,-0.3055074169904445,Geology,0.023261714504661076
15.303,0.0002061713971548347,3,,0.010844717048472355,-0.7409600688007157,Geology,0.010844717048472355
15.796,0.00034361899525805784,5,,0.14570557533888306,0.30253275073384384,Geology,0.14570557533888306
16.289,0.0004123427943096694,6,,0.08385492894572574,-0.45229767099463036,Geology,0.08385492894572574
16.782,0.0006185141914645042,9,,0.8309104522001587,0.05115252244738129,Geology,0.8309104522001587
17.275,0.0011683045838773967,17,,0.25278894076104674,-0.32660625688767186,Geology,0.25278894076104674
17.768,0.0018555425743935125,27,,0.2860415622259337,-0.09691001300805639,Geology,0.2860415622259337
18.261,0.0010308569857741736,15,,0.6763887284319746,0.5395906230238124,Geology,0.6763887284319746
18.754,0.0019929901724967357,29,,0.21161747419351157,0.46706211036595613,Geology,0.21161747419351157
19.247,0.0021991615696515705,32,,0.2571327915020356,0.3245110915135041,Geology,0.2571327915020356
19.741,0.002474056765858017,36,,0.32576177080330004,0.23408320603336796,Geology,0.32576177080330004
20.234,0.003023847158270909,44,,0.46213460814456025,0.0,Geology,0.46213460814456025
20.727,0.0017180949762902894,25,,0.07094051989961592,0.028995973488843356,Geology,0.07094051989961592
21.22,0.0025427805649096283,37,,0.3795955887285161,0.0,Geology,0.3795955887285161
21.713,0.002886399560167686,42,,0.6597823778960196,0.3010299956639812,Geology,0.6597823778960196
22.206,0.002886399560167686,42,,0.3492578878613903,-0.03218468337140124,Geology,0.3492578878613903
22.699,0.004260875541199917,62,,0.42452974519801034,0.4027126676251528,Geology,0.42452974519801034
23.192,0.005154284928870868,75,,0.4908234544318759,0.5730640178391191,Geology,0.4908234544318759
23.685,0.004604494536457975,67,,0.3100566763372465,0.6589217473368156,Geology,0.3100566763372465
24.178,0.007078551302315992,103,,0.751805856600355,0.4685210829577449,Geology,0.751805856600355
24.672,0.0068723799051611575,100,,0.5166094831214885,0.20171006896980911,Geology,0.5166094831214885
25.165,0.007903236890935332,115,,0.6285699520720869,0.15937938131220641,Geology,0.6285699520720869
25.658,0.010720912652051405,156,,0.6520760080297505,0.3521825181113625,Geology,0.6520760080297505
26.151,0.013401140815064256,195,,0.3999543978771737,0.3010299956639812,Geology,0.3999543978771737
26.644,0.012095388633083636,176,,0.5069923905255458,0.36797678529459443,Geology,0.5069923905255458
27.137,0.018692873342038348,272,,0.40318835253959084,0.36797678529459443,Geology,0.40318835253959084
27.63,0.017730740155315786,258,,0.6009012870736993,0.40437109537424376,Geology,0.6009012870736993
28.123,0.019792454126864135,288,,0.3468663393043755,0.33775280268872104,Geology,0.3468663393043755
28.616,0.02047969211738025,298,,0.46395363464409567,0.3010299956639812,Geology,0.46395363464409567
29.11,0.023778434471857603,346,,0.4907916563258386,0.4872229477638059,Geology,0.4907916563258386
29.603,0.029001443199780083,422,,0.47274621140994116,0.4449934706607978,Geology,0.47274621140994116
30.096,0.02652738643392207,386,,0.5209646359597343,0.45538840782911727,Geology,0.5209646359597343
30.589,0.02975740498934781,433,,0.3370467386939187,0.4689260466255778,Geology,0.3370467386939187
31.082,0.034224451927702564,498,,0.40332795407315447,0.3634993639681312,Geology,0.40332795407315447
31.575,0.03271252834856711,476,,0.33753101213933806,0.5440680443502757,Geology,0.33753101213933806
32.068,0.036148718301147686,526,,0.3203114939438465,0.5182584169128812,Geology,0.3203114939438465
32.561,0.03717957528692186,541,,0.3898506688902608,0.47712125471966244,Geology,0.3898506688902608
33.054,0.039378736856573435,573,,0.3679166046256141,0.5271788311612964,Geology,0.3679166046256141
33.548,0.036561061095457356,532,,0.33773981693055644,0.5118833609788743,Geology,0.33773981693055644
34.041,0.037317022885025086,543,,0.33888084315786693,0.5383909114585851,Geology,0.33888084315786693
34.534,0.03793553707648959,552,,0.3566172996359254,0.47712125471966244,Geology,0.3566172996359254
35.027,0.034224451927702564,498,,0.28793953192492094,0.4913616938342727,Geology,0.28793953192492094
35.52,0.03889767026321215,566,,0.28660056968469994,0.47712125471966244,Geology,0.28660056968469994
36.013,0.03759191808123153,547,,0.30408410044589124,0.4471580313422192,Geology,0.30408410044589124
36.506,0.03553020410968318,517,,0.29542144332929443,0.45734783444679317,Geology,0.29542144332929443
36.999,0.03470551852106384,505,,0.27662025062621487,0.4471580313422192,Geology,0.27662025062621487
37.492,0.031131880970380044,453,,0.2515631261949125,0.4963337263177069,Geology,0.2515631261949125
37.985,0.027626967218747852,402,,0.27912648616113694,0.5070844780971057,Geology,0.27912648616113694
38.479,0.02584014844340595,376,,0.29117478348729586,0.5440680443502757,Geology,0.29117478348729586
38.972,0.025221634251941447,367,,0.21415021975552317,0.5009847964314522,Geology,0.21415021975552317
39.465,0.021647996701257645,315,,0.22919587426345628,0.4259687322722811,Geology,0.22919587426345628
39.958,0.02102948250979314,306,,0.25526272965009816,0.47712125471966244,Geology,0.25526272965009816
40.451,0.01834925434678029,267,,0.2537946510885522,0.47712125471966244,Geology,0.2537946510885522
40.944,0.01395093120747715,203,,0.20886639001529475,0.5371191843949479,Geology,0.20886639001529475
41.437,0.012507731427393306,182,,0.20772313862058797,0.5563025007672873,Geology,0.20772313862058797
41.93,0.01044601745584496,152,,0.23535573035542837,0.5026753591920505,Geology,0.23535573035542837
42.423,0.008109408288090165,118,,0.22049461998246303,0.5268090389087701,Geology,0.22049461998246303
42.917,0.005772799120335372,84,,0.23920042841291758,0.5323626648183275,Geology,0.23920042841291758
43.41,0.004535770737406364,66,,0.33710916389801204,0.47712125471966244,Geology,0.33710916389801204
43.903,0.0037798089478386365,55,,0.2374950296121008,0.42903150858931227,Geology,0.2374950296121008
44.396,0.0029551233592192976,43,,0.295559946744254,0.638968244869625,Geology,0.295559946744254
44.889,0.0019929901724967357,29,,0.21039668584220372,0.3010299956639812,Geology,0.21039668584220372
45.382,0.0010995807848257853,16,,0.17529483072144392,0.4938269482225151,Geology,0.17529483072144392
45.875,0.0011683045838773967,17,,0.3229758653479157,0.5118833609788743,Geology,0.3229758653479157
46.368,0.0008246855886193388,12,,0.2765363350651083,-0.17609125905568127,Geology,0.2765363350651083
46.861,0.0007559617895677273,11,,0.6601452596239689,-0.06246936830414997,Geology,0.6601452596239689
47.355,0.0006185141914645042,9,,0.19391724217509365,-0.47712125471966244,Geology,0.19391724217509365
47.848,0.000481066593361281,7,,0.2498965537669222,0.05085444794491256,Geology,0.2498965537669222
48.341,0.00034361899525805784,5,,0.0032457718837299813,-0.21187363613916158,Geology,0.0032457718837299813
48.834,6.872379905161158e-05,1,,0.0,-0.6020599913279624,Geology,0.0
49.327,0.0002061713971548347,3,22.67325322437105,0.24255165582330926,0.0636690798693773,Geology,0.24255165582330926
49.82,0.00034361899525805784,5,,0.07206088438594653,0.06915134908314073,Geology,0.07206088438594653
50.313,0.0002061713971548347,3,,,,Geology,
50.806,0.00013744759810322316,2,87.96283825566715,0.03958906262547534,-0.1989700043360188,Geology,0.03958906262547534
51.299,0.0002061713971548347,3,,0.0,-0.09691001300805639,Geology,0.0
51.792,0.0002748951962064463,4,,0.02706991018095297,-0.43753063169585005,Geology,0.02706991018095297
52.286,0.0,0,,,,Geology,
52.779,0.0002748951962064463,4,16.116106144205943,0.31393415078269693,0.38516295643584353,Geology,0.31393415078269693
53.272,0.0002061713971548347,3,,0.9468922225607254,0.3198713585402575,Geology,0.9468922225607254
53.765,0.0,0,,,,Geology,
54.258,0.00013744759810322316,2,220.07035343965353,0.006324855459348179,0.01738105312960598,Geology,0.006324855459348179
54.751,6.872379905161158e-05,1,,0.0,-0.6690067809585758,Geology,0.0
55.244,0.0,0,,,,Geology,
55.737,0.00013744759810322316,2,,0.0,0.04575749056067514,Geology,0.0
56.23,0.0002061713971548347,3,28.242029420558367,0.29955306870492987,-0.3273589343863304,Geology,0.29955306870492987
56.724,0.000481066593361281,7,,0.09404406674495343,-0.11704160301668401,Geology,0.09404406674495343
57.217,0.0,0,,,,Geology,
57.71,6.872379905161158e-05,1,,0.0,-0.6989700043360187,Geology,0.0
58.203,6.872379905161158e-05,1,,0.0,0.5118833609788743,Geology,0.0
58.696,0.00013744759810322316,2,,0.0,0.2808266095756942,Geology,0.0
59.189,0.00013744759810322316,2,-0.0,0.0015674174314136236,-0.6136218907515314,Geology,0.0015674174314136236
59.682,0.00013744759810322316,2,,0.0,0.0,Geology,0.0
60.175,0.0,0,,,,Geology,
60.668,0.0,0,,,,Geology,
61.162,6.872379905161158e-05,1,,0.0,0.3010299956639812,Geology,0.0
61.655,0.0,0,,,,Geology,
62.148,0.0,0,,,,Geology,
62.641,6.872379905161158e-05,1,,0.0,0.3899710790007623,Geology,0.0
63.134,6.872379905161158e-05,1,,0.0,0.6532125137753437,Geology,0.0
11.769,0.0,0,,,,Materials Science,
12.153,0.0,0,,,,Materials Science,
12.537,0.0,0,,,,Materials Science,
12.921,0.0,0,,,,Materials Science,
13.305,0.0,0,,,,Materials Science,
13.689,0.0,0,,,,Materials Science,
14.072,0.0,0,,,,Materials Science,
14.456,0.00011353315168029064,2,17.11413453098861,1.0458365218881815,0.5455402346736663,Materials Science,1.0458365218881815
14.84,0.0,0,,,,Materials Science,
15.224,0.0,0,,,,Materials Science,
15.608,5.676657584014532e-05,1,,0.0,0.8252637950292848,Materials Science,0.0
15.992,0.00022706630336058128,4,141.2122601439609,0.035705908731239765,0.9368483145878672,Materials Science,0.035705908731239765
16.376,0.00011353315168029064,2,-0.0,0.0015238068142105832,0.6536850868475,Materials Science,0.0015238068142105832
16.76,0.0005676657584014533,10,,0.4893828895411553,0.8073094791248571,Materials Science,0.4893828895411553
17.144,0.0007379654859218891,13,,0.30999791661451015,0.6989700043360189,Materials Science,0.30999791661451015
17.528,0.0007947320617620345,14,,0.4487052946469056,0.9671898064831037,Materials Science,0.4487052946469056
17.912,0.00045413260672116256,8,,1.0486698243387553,0.6833649310054427,Materials Science,1.0486698243387553
18.296,0.0007379654859218891,13,,0.7121842489961638,0.43933269383026263,Materials Science,0.7121842489961638
18.68,0.0009082652134423251,16,,0.6686926156234929,0.5081554884596312,Materials Science,0.6686926156234929
19.064,0.0006811989100817438,12,,0.7376584711233565,0.9458151824124464,Materials Science,0.7376584711233565
19.448,0.001248864668483197,22,,0.13326635087784452,0.8038685621098265,Materials Science,0.13326635087784452
19.832,0.0006244323342415986,11,,0.21139465807932442,0.2834477871323557,Materials Science,0.21139465807932442
20.216,0.0011920980926430518,21,,0.979961578012296,0.8757328683837182,Materials Science,0.979961578012296
20.6,0.0014759309718437783,26,,0.6150213826725909,1.19469724833453,Materials Science,0.6150213826725909
20.984,0.0011920980926430518,21,,1.1514226485268826,0.603562746397825,Materials Science,1.1514226485268826
21.368,0.0016462306993642144,29,,0.384308833067184,1.0304893221479003,Materials Science,0.384308833067184
21.752,0.0016462306993642144,29,,0.25437859480312225,0.8450980400142568,Materials Science,0.25437859480312225
22.136,0.001986830154405086,35,,0.2550393553164011,0.911229337274543,Materials Science,0.2550393553164011
22.52,0.0016462306993642144,29,,0.18549438174742316,0.5440680443502757,Materials Science,0.18549438174742316
22.904,0.0025544959128065395,45,,0.46000305075056985,0.6727140954809657,Materials Science,0.46000305075056985
23.288,0.0023274296094459583,41,,0.7902149695693679,0.7285924709428196,Materials Science,0.7902149695693679
23.672,0.002838328792007266,50,,0.5800825529803421,0.7429868333203926,Materials Science,0.5800825529803421
24.056,0.0030653950953678476,54,,0.5293855280251999,0.9030899869919435,Materials Science,0.5293855280251999
24.44,0.0036330608537693005,64,,0.43980006699114493,0.9184969606990534,Materials Science,0.43980006699114493
24.824,0.003860127157129882,68,,0.8130358278143754,0.7440661117358569,Materials Science,0.8130358278143754
25.208,0.0036330608537693005,64,,0.5945808016232759,0.8507019175322553,Materials Science,0.5945808016232759
25.592,0.004938692098092643,87,,0.5300363014213049,0.8957283585815904,Materials Science,0.5300363014213049
25.976,0.004711625794732062,83,,0.24061962190365538,0.8648523106560937,Materials Science,0.24061962190365538
26.36,0.005052225249772934,89,,0.4305995610546074,0.8450980400142568,Materials Science,0.4305995610546074
26.744,0.006244323342415986,110,,0.4964675269556267,0.7193624319026782,Materials Science,0.4964675269556267
27.127,0.006471389645776567,114,,0.5309041099552158,0.7835349773527408,Materials Science,0.5309041099552158
27.511,0.008060853769300635,142,,0.5551535960545736,0.7965069336994732,Materials Science,0.5551535960545736
27.895,0.007720254314259764,136,,0.4066453251802245,0.9352746703633448,Materials Science,0.4066453251802245
28.279,0.009196185286103543,162,,0.3286129664254856,0.9030899869919435,Materials Science,0.3286129664254856
28.663,0.01044504995458674,184,,0.3135738579764522,0.8861379269779774,Materials Science,0.3135738579764522
29.047,0.011580381471389645,204,,0.42222675638945395,0.9280722750790207,Materials Science,0.42222675638945395
29.431,0.012602179836512262,222,,0.3987526806516091,0.8892765944250021,Materials Science,0.3987526806516091
29.815,0.013169845594913715,232,,0.3953966725601317,0.7898917983084051,Materials Science,0.3953966725601317
30.199,0.015099909173478655,266,,0.46253509684691846,0.8377873432895955,Materials Science,0.46253509684691846
30.583,0.016235240690281563,286,,0.4162124724629366,0.7259522331833403,Materials Science,0.4162124724629366
30.967,0.016916439600363306,298,,0.3163906185309477,0.829303772831025,Materials Science,0.3163906185309477
31.351,0.02060626702997275,363,,0.32685256554502606,0.829303772831025,Materials Science,0.32685256554502606
31.735,0.02293369663941871,404,,0.35478465762320216,0.7937017925197529,Materials Science,0.35478465762320216
32.119,0.023614895549500452,416,,0.2985495038054815,0.8750612633917001,Materials Science,0.2985495038054815
32.503,0.025090826521344232,442,,0.3130381081986193,0.8872584828642748,Materials Science,0.3130381081986193
32.887,0.027702089009990917,488,,0.2933136453836504,0.863780252982011,Materials Science,0.2933136453836504
33.271,0.030767484105358765,542,,0.33539105379779466,0.8675682296878049,Materials Science,0.33539105379779466
33.655,0.03434377838328792,605,,0.3076297721473712,0.8450980400142568,Materials Science,0.3076297721473712
34.039,0.032470481380563125,572,,0.2826609746798713,0.8450980400142568,Materials Science,0.2826609746798713
34.423,0.033946412352406904,598,,0.3504221002689209,0.8272195438342336,Materials Science,0.3504221002689209
34.807,0.03508174386920981,618,,0.3261636005344963,0.8129133566428556,Materials Science,0.3261636005344963
35.191,0.03593324250681199,633,,0.2731124067458667,0.810273069385707,Materials Science,0.2731124067458667
35.575,0.03564940962761126,628,,0.29908562550573836,0.9079973214866878,Materials Science,0.29908562550573836
35.959,0.03848773841961853,678,,0.28286692729376334,0.8553172051959429,Materials Science,0.28286692729376334
36.343,0.03723887375113533,656,,0.29078750451596336,0.7900504736833514,Materials Science,0.29078750451596336
36.727,0.03701180744777475,652,,0.276413826316487,0.8450980400142568,Materials Science,0.276413826316487
37.111,0.037352406902815626,658,,0.2805323263242526,0.8846065812979305,Materials Science,0.2805323263242526
37.495,0.03400317892824705,599,,0.27289227389242743,0.8269998179214606,Materials Science,0.27289227389242743
37.879,0.03371934604904632,594,,0.2701296471333113,0.8450980400142568,Materials Science,0.2701296471333113
38.263,0.03116485013623978,549,,0.31789088190843257,0.7958800173440752,Materials Science,0.31789088190843257
38.647,0.02861035422343324,504,,0.2487519680770678,0.8750612633917001,Materials Science,0.2487519680770678
39.031,0.024806993642143504,437,,0.3112563257454379,0.8653014261025438,Materials Science,0.3112563257454379
39.415,0.023501362397820164,414,,0.24957290065863325,0.8632134557754757,Materials Science,0.24957290065863325
39.799,0.020833333333333332,367,,0.28577910837228643,0.9893184741922372,Materials Science,0.28577910837228643
40.182,0.016462306993642144,290,,0.23471195055731797,0.9378520932511555,Materials Science,0.23471195055731797
40.566,0.018165304268846504,320,,0.28533498316731204,0.9030899869919435,Materials Science,0.28533498316731204
40.95,0.011977747502270663,211,,0.23146534396944735,0.9542425094393249,Materials Science,0.23146534396944735
41.334,0.011807447774750226,208,,0.323463518623836,0.9378520932511555,Materials Science,0.323463518623836
41.718,0.010217983651226158,180,,0.24684311776412707,0.8882987111575109,Materials Science,0.24684311776412707
42.102,0.006641689373297003,117,,0.2758377116644028,1.130333768495006,Materials Science,0.2758377116644028
42.486,0.006698455949137148,118,,0.21274911969630053,0.9334389071687494,Materials Science,0.21274911969630053
42.87,0.005165758401453224,91,,0.25097309260671635,0.9542425094393249,Materials Science,0.25097309260671635
43.254,0.004711625794732062,83,,0.28100965535797406,1.0280287236002434,Materials Science,0.28100965535797406
43.638,0.002838328792007266,50,,0.1620668317523858,0.86726657291676,Materials Science,0.1620668317523858
44.022,0.003122161671207993,55,,0.2575508617435061,0.8930600900274595,Materials Science,0.2575508617435061
44.406,0.0021571298819255224,38,,0.24983530518874586,1.0140143618001218,Materials Science,0.24983530518874586
44.79,0.0023841961852861036,42,,0.3717837854375118,0.9888618026444238,Materials Science,0.3717837854375118
45.174,0.0014759309718437783,26,,0.11517579976517567,0.9601921210891787,Materials Science,0.11517579976517567
45.558,0.0009082652134423251,16,,0.4436285756710423,1.1065374126544256,Materials Science,0.4436285756710423
45.942,0.0006811989100817438,12,,0.14645592537460697,0.6668495562086747,Materials Science,0.14645592537460697
46.326,0.00045413260672116256,8,,0.10264256871870552,0.6020599913279624,Materials Science,0.10264256871870552
46.71,0.00022706630336058128,4,,0.0,0.8239087409443188,Materials Science,0.0
47.094,0.00017029972752043596,3,,0.4990577268340284,1.1324089115047682,Materials Science,0.4990577268340284
47.478,0.00017029972752043596,3,,0.0,0.3010299956639812,Materials Science,0.0
47.862,0.00011353315168029064,2,,0.0,0.6020599913279624,Materials Science,0.0
48.246,0.0,0,,,,Materials Science,
48.63,0.0,0,,,,Materials Science,
49.014,5.676657584014532e-05,1,,,,Materials Science,
49.398,0.0,0,,,,Materials Science,
49.782,0.00011353315168029064,2,,0.0,1.255272505103306,Materials Science,0.0
12.333,0.0,0,,,,Education,
13.202,0.0,0,,,,Education,
14.071,0.0,0,,,,Education,
14.94,0.00010791560999298548,2,,0.0,-0.12493873660829995,Education,0.0
15.809,0.0007014514649544057,13,,0.14597294935482621,-0.2218487496163564,Education,0.14597294935482621
16.678,0.0007554092699508984,14,,0.724496704307826,0.3010299956639812,Education,0.724496704307826
17.547,0.0012949873199158259,24,,0.965295820197829,-0.4146518864155125,Education,0.965295820197829
18.416,0.0020503965898667244,38,,0.24245990647275786,0.28213571521928127,Education,0.24245990647275786
19.285,0.0027518480548211297,51,,0.2930800626122787,-0.17609125905568127,Education,0.2930800626122787
20.154,0.003399341714779043,63,,0.336888636971396,-0.2218487496163564,Education,0.336888636971396
21.023,0.005018075864673825,93,,0.9119184233610359,0.3258535793890133,Education,0.9119184233610359
21.892,0.00787783952948794,146,,0.49990438575804763,0.0,Education,0.49990438575804763
22.761,0.013111746614147737,243,,0.6087500062202484,0.17609125905568124,Education,0.6087500062202484
23.63,0.016780877353909242,311,,0.6507821441217734,0.34550053733237174,Education,0.6507821441217734
24.499,0.02266227809852695,420,,0.6749933779659044,0.21298436613614058,Education,0.6749933779659044
25.368,0.028813467868127125,534,,0.6010218381649145,0.3010299956639812,Education,0.6010218381649145
26.237,0.0371769276425835,689,,0.5697453227774048,0.3198907631460478,Education,0.5697453227774048
27.106,0.03987481789240813,739,,0.59481194931973,0.3010299956639812,Education,0.59481194931973
27.975,0.04408352668213457,817,,0.6001220235349667,0.3424226808222063,Education,0.6001220235349667
28.844,0.050936167916689146,944,,0.5768445810135412,0.4259687322722811,Education,0.5768445810135412
29.714,0.060216910376085904,1116,,0.48011897070576887,0.3979400086720376,Education,0.48011897070576887
30.583,0.0655047752657422,1214,,0.43766238066926766,0.3979400086720376,Education,0.43766238066926766
31.452,0.0705768089354125,1308,,0.43819497227960386,0.47712125471966244,Education,0.43819497227960386
32.321,0.07521718016511088,1394,,0.39830261636488323,0.46665582104149744,Education,0.39830261636488323
33.19,0.07662008309501969,1420,,0.3765418807723644,0.5118833609788743,Education,0.3765418807723644
34.059,0.07759132358495656,1438,,0.37607082949476806,0.47712125471966244,Education,0.37607082949476806
34.928,0.06685372039065451,1239,,0.41675922700235474,0.5118833609788743,Education,0.41675922700235474
35.797,0.05919171208115254,1097,,0.35080969507953014,0.5797835966168101,Education,0.35080969507953014
36.666,0.05179949279663303,960,,0.371534519608229,0.5228787452803376,Education,0.371534519608229
37.535,0.03911940862245724,725,,0.30921914049140625,0.5440680443502757,Education,0.30921914049140625
38.404,0.027626396158204284,512,,0.27727525736550435,0.6020599913279624,Education,0.27727525736550435
39.273,0.019964387848702313,370,,0.3146010961767201,0.5006023505691853,Education,0.3146010961767201
40.142,0.011061350024281012,205,,0.3242136610068577,0.5555752260613334,Education,0.3242136610068577
41.011,0.006205147574596666,115,,0.33404532328143305,0.6989700043360189,Education,0.33404532328143305
41.88,0.002374143419845681,44,,0.21666001094538728,0.23856062735983122,Education,0.21666001094538728
42.749,0.0017266497598877677,32,,0.37565306747521443,0.3580016718173996,Education,0.37565306747521443
43.618,0.001079156099929855,20,,0.4759968145046465,0.0,Education,0.4759968145046465
44.487,0.0006474936599579129,12,,0.0,0.17609125905568124,Education,0.0
45.356,0.0005935358549614202,11,,0.11515120422299896,-0.47712125471966244,Education,0.11515120422299896
46.225,0.00043166243997194194,8,,0.020137568508768123,0.0,Education,0.020137568508768123
47.094,0.00032374682997895647,6,,0.031545579714578935,-0.47712125471966244,Education,0.031545579714578935
47.963,0.0003777046349754492,7,,0.0,-0.47712125471966244,Education,0.0
48.832,0.00048562024496843467,9,,0.060756040503542254,0.0,Education,0.060756040503542254
49.701,0.00048562024496843467,9,,,,Education,
50.57,0.00016187341498947823,3,,0.0,-0.17609125905568127,Education,0.0
51.439,0.00026978902498246373,5,,0.05058770926783667,-0.47712125471966244,Education,0.05058770926783667
52.308,0.00021583121998597097,4,,0.10264256871870558,-0.3010299956639812,Education,0.10264256871870558
53.177,0.00043166243997194194,8,,0.047978351217558175,-0.17609125905568127,Education,0.047978351217558175
54.046,0.00026978902498246373,5,,0.022654764572364136,-0.45154499349597177,Education,0.022654764572364136
54.915,0.00010791560999298548,2,,0.0,-0.47712125471966244,Education,0.0
55.784,0.00026978902498246373,5,,0.0,0.3010299956639812,Education,0.0
56.653,0.00016187341498947823,3,,0.0,-0.845098040014257,Education,0.0
57.522,5.395780499649274e-05,1,,,,Education,
58.391,0.00026978902498246373,5,,,,Education,
59.26,0.00026978902498246373,5,,0.3939272655170825,-0.1505149978319907,Education,0.3939272655170825
60.129,0.0,0,,,,Education,
60.998,0.00016187341498947823,3,,0.06835054556648505,-0.3406206186877936,Education,0.06835054556648505
61.868,0.0,0,,,,Education,
62.737,0.00026978902498246373,5,,0.20822854086990972,0.0,Education,0.20822854086990972
63.606,0.00016187341498947823,3,,,,Education,
64.475,0.00010791560999298548,2,,0.0,-0.6020599913279624,Education,0.0
65.344,0.00016187341498947823,3,,0.0015674174314136257,-0.43753063169585005,Education,0.0015674174314136257
66.213,5.395780499649274e-05,1,,0.0,0.0,Education,0.0
67.082,0.00016187341498947823,3,,0.0039024219763195366,-0.23856062735983125,Education,0.0039024219763195366
67.951,0.00021583121998597097,4,,0.06249971677546471,-0.3010299956639812,Education,0.06249971677546471
68.82,0.00010791560999298548,2,,0.0,-0.6989700043360187,Education,0.0
69.689,5.395780499649274e-05,1,,0.0,-0.3010299956639812,Education,0.0
70.558,0.00010791560999298548,2,,0.0,-0.3010299956639812,Education,0.0
71.427,5.395780499649274e-05,1,,,,Education,
72.296,0.00010791560999298548,2,,,,Education,
73.165,0.00021583121998597097,4,,0.0,0.3010299956639812,Education,0.0
74.034,0.00016187341498947823,3,,0.0,-0.6020599913279624,Education,0.0
74.903,0.00021583121998597097,4,,0.0,1.2787536009528289,Education,0.0
75.772,0.00021583121998597097,4,,0.0,0.0,Education,0.0
76.641,5.395780499649274e-05,1,,0.0,-0.6020599913279624,Education,0.0
77.51,5.395780499649274e-05,1,,,,Education,
78.379,5.395780499649274e-05,1,,,,Education,
79.248,0.0,0,,,,Education,
80.117,0.00010791560999298548,2,,0.0,0.0,Education,0.0
80.986,5.395780499649274e-05,1,,,,Education,
81.855,0.00010791560999298548,2,,,,Education,
82.724,5.395780499649274e-05,1,,,,Education,
83.593,5.395780499649274e-05,1,,,,Education,
84.462,0.0,0,,,,Education,
85.331,0.0,0,,,,Education,
86.2,5.395780499649274e-05,1,,,,Education,
87.069,0.0,0,,,,Education,
87.938,0.0,0,,,,Education,
88.807,0.00010791560999298548,2,,,,Education,
89.676,0.00010791560999298548,2,,0.0,0.0,Education,0.0
90.545,0.00010791560999298548,2,-0.0,0.0039024219763195366,0.062469368304149966,Education,0.0039024219763195366
91.414,0.00010791560999298548,2,,0.0,-0.3010299956639812,Education,0.0
92.283,0.00010791560999298548,2,,,,Education,
93.153,0.00010791560999298548,2,,0.0,-0.47712125471966244,Education,0.0
94.022,5.395780499649274e-05,1,,,,Education,
94.891,5.395780499649274e-05,1,,,,Education,
95.76,5.395780499649274e-05,1,,,,Education,
96.629,0.0,0,,,,Education,
97.498,0.0,0,,,,Education,
98.367,0.00010791560999298548,2,,,,Education,
14.377,0.00035254715318173806,6,,,,Medicine,
15.014,0.0005288207297726071,9,,0.0,-0.06214790674884446,Medicine,0.0
15.651,0.0005875785886362301,10,,0.5548092555802663,0.3469151823418039,Medicine,0.5548092555802663
16.287,0.0007638521652270991,13,,0.04213692563951559,-0.6760912590556812,Medicine,0.04213692563951559
16.924,0.0016452200481814443,28,,0.2073040213505057,-0.8010299956639813,Medicine,0.2073040213505057
17.56,0.0021740407779540514,37,,1.2189807350867747,-0.0774509799928716,Medicine,1.2189807350867747
18.197,0.0019390093424995593,33,,1.634703570279869,0.07824785149615024,Medicine,1.634703570279869
18.834,0.0030554086609083965,52,,0.6612163001709289,0.17609125905568124,Medicine,0.6612163001709289
19.47,0.0029378929431811505,50,,0.879044945483127,-0.3010299956639812,Medicine,0.879044945483127
20.107,0.004524355132498972,77,,1.0832733855352281,0.30922520375806584,Medicine,1.0832733855352281
20.744,0.005640754450907809,96,,0.7754946997203627,0.31601160735270284,Medicine,0.7754946997203627
21.38,0.00799106880545273,136,,1.0738441900219313,0.2849376539782806,Medicine,1.0738441900219313
22.017,0.008931194547270697,152,,0.6313655881629918,0.17609125905568124,Medicine,0.6313655881629918
22.653,0.009107468123861567,155,,0.6065030402419211,0.28254658996996806,Medicine,0.6065030402419211
23.29,0.013161760385451554,224,,0.7277360528038854,0.3979400086720376,Medicine,0.7277360528038854
23.927,0.014571948998178506,248,,0.7915985344917833,0.2609127724559987,Medicine,0.7915985344917833
24.563,0.01892003055408661,322,,0.6853529704539578,0.43933269383026263,Medicine,0.6853529704539578
25.2,0.01950760914272284,332,,0.5860941756673262,0.4473284097275404,Medicine,0.5860941756673262
25.837,0.02420823785181268,412,,0.5622861776923925,0.5392691614685069,Medicine,0.5622861776923925
26.473,0.025265879311357896,430,,0.5779515033855123,0.6020599913279624,Medicine,0.5779515033855123
27.11,0.02873259298431165,489,,0.4872282541513624,0.5797835966168101,Medicine,0.4872282541513624
27.747,0.033433221693401495,569,,0.5900172104051203,0.5941628577363465,Medicine,0.5900172104051203
28.383,0.035607262471355546,606,,0.500341620754419,0.6368220975871743,Medicine,0.500341620754419
29.02,0.040542922615899875,690,,0.5023049800893752,0.675327999074945,Medicine,0.5023049800893752
29.656,0.0406016804747635,691,,0.46322003499639886,0.6989700043360189,Medicine,0.46322003499639886
30.293,0.04530230918385334,771,,0.41921896334017894,0.7249057384304185,Medicine,0.41921896334017894
30.93,0.04970914859862507,846,,0.4013641795593252,0.7662179322533555,Medicine,0.4013641795593252
31.566,0.05147188436453376,876,,0.35549780612672927,0.7558748556724915,Medicine,0.35549780612672927
32.203,0.05294083083612433,901,,0.40355282627499756,0.7201593034059569,Medicine,0.40355282627499756
32.84,0.053763440860215055,915,,0.291396862977847,0.7751141765275471,Medicine,0.291396862977847
33.476,0.04918032786885246,837,,0.29551594508920964,0.7533276666586115,Medicine,0.29551594508920964
34.113,0.04947411716317057,842,,0.2754797364097706,0.7704644217173526,Medicine,0.2754797364097706
34.749,0.0472413185263529,804,,0.29380022082855717,0.829303772831025,Medicine,0.29380022082855717
35.386,0.04295199482930842,731,,0.25086612313104734,0.7403626894942439,Medicine,0.25086612313104734
36.023,0.03913273400317292,666,,0.3044248676782884,0.7958800173440752,Medicine,0.3044248676782884
36.659,0.03431458957635584,584,,0.2878292379463293,0.8519374645445623,Medicine,0.2878292379463293
37.296,0.030142781597038603,513,,0.2718474710499753,0.8931057660853426,Medicine,0.2718474710499753
37.933,0.024619542863858042,419,,0.243678528136988,0.8372727025023002,Medicine,0.243678528136988
38.569,0.019390093424995595,330,,0.3077241835409512,0.8380926827928494,Medicine,0.3077241835409512
39.206,0.015629590457723722,266,,0.29555820175910935,0.9030899869919435,Medicine,0.29555820175910935
39.842,0.014395675421587638,245,,0.3422982728850984,0.8860941517049834,Medicine,0.3422982728850984
40.479,0.008931194547270697,152,,0.2868030366083007,0.7481880270062004,Medicine,0.2868030366083007
41.116,0.0066396380515894,113,,0.2811787914412883,0.9444826721501687,Medicine,0.2811787914412883
41.752,0.005523238733180563,94,,0.2111579792881276,0.9649647800422939,Medicine,0.2111579792881276
42.389,0.0035254715318173806,60,,0.21100448992584936,0.9911356165197842,Medicine,0.21100448992584936
43.026,0.0024090722134085434,41,,0.22813983278433406,0.9294189257142927,Medicine,0.22813983278433406
43.662,0.0011751571772724602,20,,0.10590992278672684,1.1180993120779945,Medicine,0.10590992278672684
44.299,0.0012339150361360832,21,,0.36550798086614267,0.9030899869919435,Medicine,0.36550798086614267
44.936,0.0005288207297726071,9,,0.047464826759800106,0.9195743537505279,Medicine,0.047464826759800106
45.572,0.00041130501204536107,7,,0.07474784048256496,0.9331436695420974,Medicine,0.07474784048256496
46.209,0.00041130501204536107,7,32.91774801497857,0.40306803683704573,0.6651117370750514,Medicine,0.40306803683704573
46.845,0.0004700628709089841,8,,0.30354498451642314,1.1783315599684083,Medicine,0.30354498451642314
47.482,0.0004700628709089841,8,,0.07755947960842816,1.1335389083702174,Medicine,0.07755947960842816
48.119,0.00041130501204536107,7,,0.2232182716973962,1.1243368707422365,Medicine,0.2232182716973962
48.755,0.00023503143545449204,4,,0.0016996532572526697,1.036429265626675,Medicine,0.0016996532572526697
49.392,0.0007050943063634761,12,,0.09244209272553217,1.3944516808262162,Medicine,0.09244209272553217
50.029,0.00023503143545449204,4,70.59943846425358,0.0887474035258504,0.7398860469841895,Medicine,0.0887474035258504
50.665,0.00041130501204536107,7,,0.04851169084286667,1.1476002260016287,Medicine,0.04851169084286667
51.302,0.00017627357659086903,3,,0.019801335948326018,1.2742561281705176,Medicine,0.019801335948326018
51.938,0.00035254715318173806,6,,0.07874448582434593,1.0881360887005513,Medicine,0.07874448582434593
52.575,5.875785886362301e-05,1,,0.0,1.0314084642516241,Medicine,0.0
53.212,5.875785886362301e-05,1,,0.0,1.5250448070368452,Medicine,0.0
53.848,0.00029378929431811505,5,63.99690470228271,0.1603903670635825,1.1931245983544616,Medicine,0.1603903670635825
54.485,0.00017627357659086903,3,365.0830333233506,0.005729304796664504,1.0413926851582251,Medicine,0.005729304796664504
55.122,5.875785886362301e-05,1,,0.0,1.1903316981702914,Medicine,0.0
55.758,5.875785886362301e-05,1,,0.0,1.135662602000073,Medicine,0.0
56.395,0.0,0,,,,Medicine,
57.031,0.0,0,,,,Medicine,
57.668,5.875785886362301e-05,1,,0.0,1.1613680022349748,Medicine,0.0
58.305,0.0,0,,,,Medicine,
58.941,0.0,0,,,,Medicine,
59.578,0.0,0,,,,Medicine,
60.215,5.875785886362301e-05,1,,0.0,-0.47712125471966244,Medicine,0.0
60.851,0.0,0,,,,Medicine,
61.488,5.875785886362301e-05,1,,,,Medicine,
62.125,0.0,0,,,,Medicine,
62.761,5.875785886362301e-05,1,,,,Medicine,
63.398,5.875785886362301e-05,1,,,,Medicine,
64.034,0.0,0,,,,Medicine,
64.671,5.875785886362301e-05,1,,,,Medicine,
65.308,5.875785886362301e-05,1,,,,Medicine,
65.944,0.0,0,,,,Medicine,
66.581,0.0,0,,,,Medicine,
67.218,0.0,0,,,,Medicine,
67.854,0.0,0,,,,Medicine,
68.491,0.0,0,,,,Medicine,
69.127,5.875785886362301e-05,1,,,,Medicine,
69.764,0.0,0,,,,Medicine,
70.401,0.0,0,,,,Medicine,
71.037,0.0,0,,,,Medicine,
71.674,5.875785886362301e-05,1,,0.0,-0.47712125471966244,Medicine,0.0
72.311,0.0,0,,,,Medicine,
72.947,0.0,0,,,,Medicine,
73.584,0.0,0,,,,Medicine,
74.22,0.0,0,,,,Medicine,
74.857,0.0,0,,,,Medicine,
75.494,0.0,0,,,,Medicine,
76.13,5.875785886362301e-05,1,,,,Medicine,
76.767,0.0,0,,,,Medicine,
77.404,5.875785886362301e-05,1,,,,Medicine,
13.314,0.0,0,,,,Mathematics,
14.119,5.572582892170521e-05,1,,,,Mathematics,
14.924,0.0003343549735302313,6,,,,Mathematics,
15.729,0.0006687099470604626,12,,,,Mathematics,
16.534,0.0007801616049038729,14,,0.15870904383020865,0.0,Mathematics,0.15870904383020865
17.34,0.0016160490387294511,29,,0.21534223294744573,-0.24352988862692115,Mathematics,0.21534223294744573
18.145,0.0016160490387294511,29,,0.14203390708223992,-0.8890756251918219,Mathematics,0.14203390708223992
18.95,0.0025633881303984397,46,,0.27989763572467535,0.2144082875725537,Mathematics,0.27989763572467535
19.755,0.0022847589857899137,41,,0.2518658865747398,-0.5173810531296059,Mathematics,0.2518658865747398
20.56,0.004123711340206186,74,,0.6347750285275168,0.26884531229257996,Mathematics,0.6347750285275168
21.366,0.005293953747561995,95,,0.6370574005125974,0.5246090113350909,Mathematics,0.6370574005125974
22.171,0.005293953747561995,95,,0.6958620365343923,0.4097719677709344,Mathematics,0.6958620365343923
22.976,0.00930621342992477,167,,0.6480540720075194,0.03476210625921191,Mathematics,0.6480540720075194
23.781,0.011702424073558095,210,,0.995661858080654,0.2632414347745814,Mathematics,0.995661858080654
24.586,0.014098634717191418,253,,0.6796643452722491,0.06516688424750305,Mathematics,0.6796643452722491
25.391,0.017052103650041794,306,,0.6901223774022179,0.12493873660829993,Mathematics,0.6901223774022179
26.197,0.01967121760936194,353,,0.6275273181401989,0.18086391800879645,Mathematics,0.6275273181401989
27.002,0.018333797715241015,329,,0.46381958470372603,0.1612140701826058,Mathematics,0.46381958470372603
27.807,0.02201170242407356,395,,0.5753184021368687,0.17045075385083674,Mathematics,0.5753184021368687
28.612,0.0224575090554472,403,,0.582556075480601,0.2218487496163564,Mathematics,0.582556075480601
29.417,0.024352187238785176,437,,0.4700045813347465,0.293668367253628,Mathematics,0.4700045813347465
30.223,0.025522429646140987,458,,0.45683861783913166,0.26884531229257996,Mathematics,0.45683861783913166
31.028,0.025076623014767346,450,,0.47167378709647756,0.17609125905568124,Mathematics,0.47167378709647756
31.833,0.028754527723599887,516,,0.42666637078490266,0.12493873660829993,Mathematics,0.42666637078490266
32.638,0.031373641682920034,563,,0.47946625325559333,0.3010299956639812,Mathematics,0.47946625325559333
33.443,0.03388130398439677,608,,0.4461122734662002,0.22454626555970947,Mathematics,0.4461122734662002
34.248,0.032655335748119255,586,,0.39575061807407624,0.17224784472253574,Mathematics,0.39575061807407624
35.054,0.03599888548342157,646,,0.3508984527915814,0.1549019599857432,Mathematics,0.3508984527915814
35.859,0.03856227361382,692,,0.34320909083294177,0.22454626555970947,Mathematics,0.34320909083294177
36.664,0.03950961270548899,709,,0.3963128026632596,0.15126767533064914,Mathematics,0.3963128026632596
37.469,0.041237113402061855,740,,0.33543244108206866,0.19733114945540087,Mathematics,0.33543244108206866
38.274,0.04402340484814712,790,,0.35615801484494874,0.20619796254150363,Mathematics,0.35615801484494874
39.08,0.043856227361382,787,,0.35028491654502286,0.17609125905568124,Mathematics,0.35028491654502286
39.885,0.04363332404569518,783,,0.34354757639177863,0.17609125905568124,Mathematics,0.34354757639177863
40.69,0.042518807467261076,763,,0.32752469445503524,0.1962946451439682,Mathematics,0.32752469445503524
41.495,0.040791306770688214,732,,0.34870943645642843,0.13830269816628146,Mathematics,0.34870943645642843
42.3,0.043354694901086656,778,,0.3300152006914529,0.17179117317472248,Mathematics,0.3300152006914529
43.105,0.04084703259960992,733,,0.3259940410431023,0.19188552623891317,Mathematics,0.3259940410431023
43.911,0.03443856227361382,618,,0.35392750474942825,0.13830269816628146,Mathematics,0.35392750474942825
44.716,0.031373641682920034,563,,0.3122831554547221,0.2002073138999465,Mathematics,0.3122831554547221
45.521,0.02702702702702703,485,,0.2725457323841812,0.2146586014226945,Mathematics,0.2725457323841812
46.326,0.021844524937308443,392,,0.2681507279140399,0.31439395722196267,Mathematics,0.2681507279140399
47.131,0.019113959320144886,343,,0.292375141817762,0.22724378150306254,Mathematics,0.292375141817762
47.937,0.013485650599052662,242,,0.34210557532562785,0.38021124171160603,Mathematics,0.34210557532562785
48.742,0.009696294232376706,174,,0.30001661240020877,0.3010299956639812,Mathematics,0.30001661240020877
49.547,0.008191696851490666,147,,0.2932326839622823,0.2218487496163564,Mathematics,0.2932326839622823
50.352,0.005126776260796879,92,,0.2601838842513165,0.25257498915995297,Mathematics,0.2601838842513165
51.157,0.003622178879910839,65,,0.3670366887602277,0.4559319556497244,Mathematics,0.3670366887602277
51.962,0.0028420172750069656,51,,0.2841747975555119,0.2041199826559248,Mathematics,0.2841747975555119
52.768,0.001894678183337977,34,,0.23976930660603246,0.06694678963061322,Mathematics,0.23976930660603246
53.573,0.0012816940651992198,23,,0.14687445763037563,0.17609125905568124,Mathematics,0.14687445763037563
54.378,0.0010030649205906939,18,,0.28217571848531814,0.36797678529459443,Mathematics,0.28217571848531814
55.183,0.0006687099470604626,12,,0.0021011406342539003,0.5118833609788743,Mathematics,0.0021011406342539003
55.988,0.0007244357759821677,13,,0.03898936564063299,0.3127705435887427,Mathematics,0.03898936564063299
56.794,0.0005572582892170521,10,,0.2698176719765388,0.640978057358332,Mathematics,0.2698176719765388
57.599,0.00016717748676511564,3,,0.0008738365251546526,0.10874197210695313,Mathematics,0.0008738365251546526
58.404,0.00044580663137364166,8,,0.17444417557295233,-0.24645776095144722,Mathematics,0.17444417557295233
59.209,0.00016717748676511564,3,,0.02818908392849903,-0.16789605096159657,Mathematics,0.02818908392849903
60.014,5.572582892170521e-05,1,,0.0,0.0,Mathematics,0.0
60.819,5.572582892170521e-05,1,,0.0,0.5910646070264992,Mathematics,0.0
61.625,5.572582892170521e-05,1,,,,Mathematics,
62.43,0.0,0,,,,Mathematics,
63.235,0.0,0,,,,Mathematics,
64.04,0.0,0,,,,Mathematics,
64.845,0.0,0,,,,Mathematics,
65.651,0.0,0,,,,Mathematics,
66.456,0.0,0,,,,Mathematics,
67.261,0.0,0,,,,Mathematics,
68.066,0.0,0,,,,Mathematics,
68.871,0.0,0,,,,Mathematics,
69.676,0.0,0,,,,Mathematics,
70.482,0.0,0,,,,Mathematics,
71.287,0.0,0,,,,Mathematics,
72.092,0.0,0,,,,Mathematics,
72.897,0.0,0,,,,Mathematics,
73.702,0.0,0,,,,Mathematics,
74.508,0.0,0,,,,Mathematics,
75.313,0.0,0,,,,Mathematics,
76.118,0.0,0,,,,Mathematics,
76.923,0.00016717748676511564,3,,,,Mathematics,
77.728,0.0,0,,,,Mathematics,
78.533,0.00027862914460852607,5,,,,Mathematics,
79.339,0.0,0,,,,Mathematics,
80.144,5.572582892170521e-05,1,,,,Mathematics,
80.949,5.572582892170521e-05,1,,,,Mathematics,
81.754,0.00011145165784341042,2,,,,Mathematics,
82.559,0.0,0,,,,Mathematics,
83.365,0.0,0,,,,Mathematics,
84.17,0.0,0,,,,Mathematics,
84.975,0.0,0,,,,Mathematics,
85.78,0.0,0,,,,Mathematics,
86.585,0.0,0,,,,Mathematics,
87.39,0.0,0,,,,Mathematics,
88.196,0.0,0,,,,Mathematics,
89.001,0.0,0,,,,Mathematics,
89.806,0.0,0,,,,Mathematics,
90.611,5.572582892170521e-05,1,,,,Mathematics,
91.416,0.0,0,,,,Mathematics,
92.222,0.0,0,,,,Mathematics,
93.027,0.00022290331568682083,4,,,,Mathematics,
