model,alpha,beta[den_BOW],"beta[den_BOW_j,Economics]","beta[den_BOW_j,Education]","beta[den_BOW_j,Geology]","beta[den_BOW_j,Linguistics]","beta[den_BOW_j,Materials Science]","beta[den_BOW_j,Mathematics]","beta[den_BOW_j,Medicine]","beta[den_BOW_j,Philosophy]","beta[den_BOW_j,Physics]",beta[den_GPT2],"beta[den_GPT2_j,Economics]","beta[den_GPT2_j,Education]","beta[den_GPT2_j,Geology]","beta[den_GPT2_j,Linguistics]","beta[den_GPT2_j,Materials Science]","beta[den_GPT2_j,Mathematics]","beta[den_GPT2_j,Medicine]","beta[den_GPT2_j,Philosophy]","beta[den_GPT2_j,Physics]",beta[den_SBERT],"beta[den_SBERT_j,Economics]","beta[den_SBERT_j,Education]","beta[den_SBERT_j,Geology]","beta[den_SBERT_j,Linguistics]","beta[den_SBERT_j,Materials Science]","beta[den_SBERT_j,Mathematics]","beta[den_SBERT_j,Medicine]","beta[den_SBERT_j,Philosophy]","beta[den_SBERT_j,Physics]",beta[den_SciBERT],"beta[den_SciBERT_j,Economics]","beta[den_SciBERT_j,Education]","beta[den_SciBERT_j,Geology]","beta[den_SciBERT_j,Linguistics]","beta[den_SciBERT_j,Materials Science]","beta[den_SciBERT_j,Mathematics]","beta[den_SciBERT_j,Medicine]","beta[den_SciBERT_j,Philosophy]","beta[den_SciBERT_j,Physics]",beta[den_Word2Vec],"beta[den_Word2Vec_j,Economics]","beta[den_Word2Vec_j,Education]","beta[den_Word2Vec_j,Geology]","beta[den_Word2Vec_j,Linguistics]","beta[den_Word2Vec_j,Materials Science]","beta[den_Word2Vec_j,Mathematics]","beta[den_Word2Vec_j,Medicine]","beta[den_Word2Vec_j,Philosophy]","beta[den_Word2Vec_j,Physics]",beta[references],"beta[references_j,Economics]","beta[references_j,Education]","beta[references_j,Geology]","beta[references_j,Linguistics]","beta[references_j,Materials Science]","beta[references_j,Mathematics]","beta[references_j,Medicine]","beta[references_j,Philosophy]","beta[references_j,Physics]",beta[year],"beta[year_j,Economics]","beta[year_j,Education]","beta[year_j,Geology]","beta[year_j,Linguistics]","beta[year_j,Materials Science]","beta[year_j,Mathematics]","beta[year_j,Medicine]","beta[year_j,Philosophy]","beta[year_j,Physics]",log_ppd,mu_beta[den_BOW_j],mu_beta[den_GPT2_j],mu_beta[den_SBERT_j],mu_beta[den_SciBERT_j],mu_beta[den_Word2Vec_j],mu_beta[references_j],mu_beta[year_j],sigma,sigma_beta[den_BOW_j],sigma_beta[den_GPT2_j],sigma_beta[den_SBERT_j],sigma_beta[den_SciBERT_j],sigma_beta[den_Word2Vec_j],sigma_beta[references_j],sigma_beta[year_j],y_col,rmse,$R^2$,1-MAE,1-RMSE,1-MAPE,1-MedAE,1-MPinL,$D^2_{pin}$,$D^2_{abs}$,$R^2$_descaled,1-MAE_descaled,1-RMSE_descaled,1-MAPE_descaled,1-MedAE_descaled,1-MPinL_descaled,$D^2_{pin}$_descaled,$D^2_{abs}$_descaled,beta[asym_BOW],"beta[asym_BOW_j,Economics]","beta[asym_BOW_j,Education]","beta[asym_BOW_j,Geology]","beta[asym_BOW_j,Linguistics]","beta[asym_BOW_j,Materials Science]","beta[asym_BOW_j,Mathematics]","beta[asym_BOW_j,Medicine]","beta[asym_BOW_j,Philosophy]","beta[asym_BOW_j,Physics]",beta[asym_GPT2],"beta[asym_GPT2_j,Economics]","beta[asym_GPT2_j,Education]","beta[asym_GPT2_j,Geology]","beta[asym_GPT2_j,Linguistics]","beta[asym_GPT2_j,Materials Science]","beta[asym_GPT2_j,Mathematics]","beta[asym_GPT2_j,Medicine]","beta[asym_GPT2_j,Philosophy]","beta[asym_GPT2_j,Physics]",beta[asym_SBERT],"beta[asym_SBERT_j,Economics]","beta[asym_SBERT_j,Education]","beta[asym_SBERT_j,Geology]","beta[asym_SBERT_j,Linguistics]","beta[asym_SBERT_j,Materials Science]","beta[asym_SBERT_j,Mathematics]","beta[asym_SBERT_j,Medicine]","beta[asym_SBERT_j,Philosophy]","beta[asym_SBERT_j,Physics]",beta[asym_SciBERT],"beta[asym_SciBERT_j,Economics]","beta[asym_SciBERT_j,Education]","beta[asym_SciBERT_j,Geology]","beta[asym_SciBERT_j,Linguistics]","beta[asym_SciBERT_j,Materials Science]","beta[asym_SciBERT_j,Mathematics]","beta[asym_SciBERT_j,Medicine]","beta[asym_SciBERT_j,Philosophy]","beta[asym_SciBERT_j,Physics]",beta[asym_Word2Vec],"beta[asym_Word2Vec_j,Economics]","beta[asym_Word2Vec_j,Education]","beta[asym_Word2Vec_j,Geology]","beta[asym_Word2Vec_j,Linguistics]","beta[asym_Word2Vec_j,Materials Science]","beta[asym_Word2Vec_j,Mathematics]","beta[asym_Word2Vec_j,Medicine]","beta[asym_Word2Vec_j,Philosophy]","beta[asym_Word2Vec_j,Physics]",mu_beta[asym_BOW_j],mu_beta[asym_GPT2_j],mu_beta[asym_SBERT_j],mu_beta[asym_SciBERT_j],mu_beta[asym_Word2Vec_j],sigma_beta[asym_BOW_j],sigma_beta[asym_GPT2_j],sigma_beta[asym_SBERT_j],sigma_beta[asym_SciBERT_j],sigma_beta[asym_Word2Vec_j],is_good_model
base,-0.000262164,,,,,,,,,,,,,,,,,,,,,,,,,,,,,,,,,,,,,,,,,,,,,,,,,,,,,,,,,,,,,,,,,,,,,,,-48413.58371663595,,,,,,,,1.002,,,,,,,,log_cpy,0.9940224186067398,-6.267480092470024e-06,0.2182898804117422,0.0091294181314792,-0.0003141360001135,0.3527007414072554,0.6091449402058711,-7.77677367833629e-05,-7.77677367833629e-05,-4.702364320152697e-07,0.4679698201169098,0.3279059932431879,-71119840497260.05,0.5620491426880012,0.7339849100584549,-0.0016418201319645,-0.0016418201319645,,,,,,,,,,,,,,,,,,,,,,,,,,,,,,,,,,,,,,,,,,,,,,,,,,,,,,,,,,,,,False
den_BOW,-0.0164127,0.08385645,,,,,,,,,,,,,,,,,,,,,,,,,,,,,,,,,,,,,,,,,,,,,,,,,,,,,,,,,,,,,,,,,,,,,,-33693.05108222271,,,,,,,,0.999889,,,,,,,,log_cpy,0.9914337584976328,-0.0097382446202705,0.2141655552211849,0.0043195573811926,-0.203465442920806,0.3450051145789004,0.6070827776105925,-0.0053542069520842,-0.0053542069520842,0.0052012043878456,0.469018355834356,0.3296562786615993,-69467489455740.57,0.5557723611475581,0.734509177917178,0.000332235596842,0.000332235596842,,,,,,,,,,,,,,,,,,,,,,,,,,,,,,,,,,,,,,,,,,,,,,,,,,,,,,,,,,,,,False
den_GPT2,-0.0145674,,,,,,,,,,,0.1349705,,,,,,,,,,,,,,,,,,,,,,,,,,,,,,,,,,,,,,,,,,,,,,,,,,,,,,,,,,,,-33888.527928895484,,,,,,,,0.998131,,,,,,,,log_cpy,0.9877113725830508,-0.0028759547851249,0.2176932258518027,0.0077087011940923,-0.3627940871431387,0.3517968681759935,0.6088466129259014,-0.0008410954019395,-0.0008410954019395,0.0126572212923106,0.4715636333648687,0.3321731165288308,-69151000241708.66,0.5621656531365624,0.7357818166824344,0.0051241750672005,0.0051241750672005,,,,,,,,,,,,,,,,,,,,,,,,,,,,,,,,,,,,,,,,,,,,,,,,,,,,,,,,,,,,,False
den_SBERT,0.0001759785,,,,,,,,,,,,,,,,,,,,,0.0726482,,,,,,,,,,,,,,,,,,,,,,,,,,,,,,,,,,,,,,,,,,,,,,,,,,-33968.33207778652,,,,,,,,1.00322,,,,,,,,log_cpy,0.9928053499201852,-0.0030030475634612,0.2181773898879097,0.0076458274846311,-0.0768477084049932,0.3522625989072554,0.6090886949439549,-0.0002216820461249,-0.0002216820461249,0.0024468069151994,0.4695551403874982,0.3287288967861395,-70922799128168.56,0.5601679264823008,0.7347775701937491,0.0013428283736394,0.0013428283736394,,,,,,,,,,,,,,,,,,,,,,,,,,,,,,,,,,,,,,,,,,,,,,,,,,,,,,,,,,,,,False
den_SciBERT,-0.01181565,,,,,,,,,,,,,,,,,,,,,,,,,,,,,,,0.0340667,,,,,,,,,,,,,,,,,,,,,,,,,,,,,,,,,,,,,,,,-33261.83144592161,,,,,,,,1.00303,,,,,,,,log_cpy,0.993508462030944,0.0010263012623995,0.2188233323454591,0.0096411180452062,-0.0547215910443212,0.3526861895949945,0.6094116661727296,0.0006047018970337,0.0006047018970337,0.0010333574476817,0.4681635753315094,0.3282534976131696,-70084864913965.86,0.556313691792349,0.7340817876657547,-0.0012770413409299,-0.0012770413409299,,,,,,,,,,,,,,,,,,,,,,,,,,,,,,,,,,,,,,,,,,,,,,,,,,,,,,,,,,,,,False
den_Word2Vec,-0.01522685,,,,,,,,,,,,,,,,,,,,,,,,,,,,,,,,,,,,,,,,,0.0486414,,,,,,,,,,,,,,,,,,,,,,,,,,,,,,-33666.20091337273,,,,,,,,1.001705,,,,,,,,log_cpy,0.9928049531551808,-0.0003412486992764,0.2182486907011557,0.0089634715498457,-0.0892851453715537,0.347364371077996,0.6091243453505779,-0.0001304636310603,-0.0001304636310603,0.0024476042399078,0.4683425855698542,0.3287291650531088,-69830596438087.55,0.5548962731831626,0.7341712927849271,-0.0009400226007576,-0.0009400226007576,,,,,,,,,,,,,,,,,,,,,,,,,,,,,,,,,,,,,,,,,,,,,,,,,,,,,,,,,,,,,False
nonsems,-0.0001409879999999,,,,,,,,,,,,,,,,,,,,,,,,,,,,,,,,,,,,,,,,,,,,,,,,,,,0.1244225,,,,,,,,,,0.124347,,,,,,,,,,-47617.25009273906,,,,,,,,0.9838975,,,,,,,,log_cpy,0.9717518963776718,0.0300475162216633,0.2328706261920039,0.0241326148024858,-0.5556823661393835,0.3654255284489107,0.616435313096002,0.0185760520443168,0.0185760520443168,0.0443064846341676,0.4806838143795294,0.3429638875495162,-77241901553038.48,0.5716660953068434,0.7403419071897648,0.0222945444501275,0.0222945444501275,,,,,,,,,,,,,,,,,,,,,,,,,,,,,,,,,,,,,,,,,,,,,,,,,,,,,,,,,,,,,False
den_BOW.nonsems,-0.01346895,0.06591185,,,,,,,,,,,,,,,,,,,,,,,,,,,,,,,,,,,,,,,,,,,,,,,,,,0.157317,,,,,,,,,,0.128759,,,,,,,,,,-33112.20094036383,,,,,,,,0.9791705,,,,,,,,log_cpy,0.9693215990707936,0.0209871255218941,0.2299295182499356,0.0195853880127057,-0.6805624234847738,0.3634312346761155,0.6149647591249678,0.0148133571633477,0.0148133571633477,0.0490807794196305,0.4826106096845761,0.3446070982296931,-75833652907707.8,0.5733141692375356,0.7413053048422881,0.0259220806864981,0.0259220806864981,,,,,,,,,,,,,,,,,,,,,,,,,,,,,,,,,,,,,,,,,,,,,,,,,,,,,,,,,,,,,False
den_GPT2.nonsems,-0.01310185,,,,,,,,,,,0.1204315,,,,,,,,,,,,,,,,,,,,,,,,,,,,,,,,,,,,,,,,0.110381,,,,,,,,,,0.1103485,,,,,,,,,,-33400.82783226627,,,,,,,,0.9832935,,,,,,,,log_cpy,0.9677258710133362,0.0257113229873173,0.2308499210158402,0.021953729311858,-0.6987758746238464,0.3617508635862164,0.6154249605079201,0.0159908708227966,0.0159908708227966,0.0522090693061839,0.482710128554966,0.3456860268773328,-74779231544913.84,0.5722072404830143,0.741355064277483,0.0261094427314421,0.0261094427314421,,,,,,,,,,,,,,,,,,,,,,,,,,,,,,,,,,,,,,,,,,,,,,,,,,,,,,,,,,,,,False
den_SBERT.nonsems,-0.000338045,,,,,,,,,,,,,,,,,,,,,0.0558352,,,,,,,,,,,,,,,,,,,,,,,,,,,,,,0.106275,,,,,,,,,,0.113284,,,,,,,,,,-33447.00030020592,,,,,,,,0.9884985,,,,,,,,log_cpy,0.972027643369625,0.026990183742889,0.231804960227615,0.0225958365948233,-0.5184634403000741,0.3631973343204085,0.6159024801138075,0.0172126964830756,0.0172126964830756,0.0437640272373406,0.4808435491688678,0.3427774451743705,-76563505645748.69,0.5718731797722613,0.7404217745844339,0.0225952737154607,0.0225952737154607,,,,,,,,,,,,,,,,,,,,,,,,,,,,,,,,,,,,,,,,,,,,,,,,,,,,,,,,,,,,,False
den_SciBERT.nonsems,-0.00961911,,,,,,,,,,,,,,,,,,,,,,,,,,,,,,,0.019102,,,,,,,,,,,,,,,,,,,,0.1578244999999999,,,,,,,,,,0.1320315,,,,,,,,,,-32671.691718096547,,,,,,,,0.981646,,,,,,,,log_cpy,0.970741841524621,0.0297029550880005,0.233811865926943,0.0239592990360519,-0.6477283027084748,0.3684327862843017,0.6169059329634715,0.0197802233981672,0.0197802233981672,0.0462921791329475,0.4817379845013469,0.3436468216569607,-76518475406379.69,0.5725997778245757,0.7408689922506735,0.0242792079513185,0.0242792079513185,,,,,,,,,,,,,,,,,,,,,,,,,,,,,,,,,,,,,,,,,,,,,,,,,,,,,,,,,,,,,False
den_Word2Vec.nonsems,-0.0121386999999999,,,,,,,,,,,,,,,,,,,,,,,,,,,,,,,,,,,,,,,,,0.003337655,,,,,,,,,,0.1611925,,,,,,,,,,0.1329665,,,,,,,,,,-33085.13932553603,,,,,,,,0.980739,,,,,,,,log_cpy,0.9708970033657508,0.0289347578512887,0.2335265116931465,0.0235730031965523,-0.6495442929721771,0.3679624719668716,0.6167632558465732,0.0194151565811995,0.0194151565811995,0.0459872764669145,0.4815633261441892,0.3435419112026805,-76291051301313.64,0.5722550573740928,0.7407816630720946,0.0239503824046113,0.0239503824046113,,,,,,,,,,,,,,,,,,,,,,,,,,,,,,,,,,,,,,,,,,,,,,,,,,,,,,,,,,,,,False
den_sems.nonsems,-0.0154672499999999,0.0544343,,,,,,,,,,0.1128695,,,,,,,,,,0.1509995,,,,,,,,,,-0.0427157,,,,,,,,,,-0.06474805,,,,,,,,,,0.141919,,,,,,,,,,0.1199645,,,,,,,,,,-18690.908548837764,,,,,,,,0.981428,,,,,,,,log_cpy,0.9715335018375382,-0.0007080265417442,0.2256283649088932,0.0087818050797188,-0.8608577278901244,0.3576123384673312,0.6128141824544466,0.0093106935490286,0.0093106935490286,0.0447360074219931,0.4845352907129442,0.3431115518866424,-74080228376535.98,0.5753233567985847,0.742267645356472,0.0295456364194675,0.0295456364194675,,,,,,,,,,,,,,,,,,,,,,,,,,,,,,,,,,,,,,,,,,,,,,,,,,,,,,,,,,,,,False
h-nonsems,-0.00756134,,,,,,,,,,,,,,,,,,,,,,,,,,,,,,,,,,,,,,,,,,,,,,,,,,,,0.1160585,-0.0412316999999999,0.255242,0.1007135,0.3205845,0.144774,0.008306495,0.0939393,0.2336555,,0.140066,-0.03397215,0.0872832,0.0669401,0.0003534935,0.159579,0.117033,0.1339719999999999,0.175018,-19174.5994663652,,,,,,0.1375965,0.09406095,0.9754635,,,,,,0.1318615,0.0824618,log_cpy_j,0.9684563311185804,0.0447238441935221,0.2413727032413634,0.0315436688814195,-0.5689838473223177,0.3748708554635962,0.6206863516206818,0.0294531508864402,0.0294531508864402,0.1628030927816154,0.5204251308784219,0.385044445972264,-62967994433708.27,0.6091925642044537,0.7602125654392109,0.0971146695060751,0.0971146695060751,,,,,,,,,,,,,,,,,,,,,,,,,,,,,,,,,,,,,,,,,,,,,,,,,,,,,,,,,,,,,True
h-den_BOW_j,-0.0125239,,-0.04487655,-0.06081995,-0.0638621,-0.13221,0.03368485,0.0139547,-0.0302663,-0.07524295,0.02759555,,,,,,,,,,,,,,,,,,,,,,,,,,,,,,,,,,,,,,,,,,,,,,,,,,,,,,,,,,,,,-33605.0531678645,-0.03712155,,,,,,,0.997849,0.0621361,,,,,,,log_cpy_j,0.9897691997227512,0.0022155704782585,0.2192703012025747,0.0102308002772486,-0.1054238696228189,0.3511605792160464,0.6096351506012874,0.0011765297468605,0.0011765297468605,0.1287807613691171,0.5073222786977507,0.3726734777117051,-58234461284376.586,0.5945771213155262,0.7536611393488754,0.0724462104535237,0.0724462104535237,,,,,,,,,,,,,,,,,,,,,,,,,,,,,,,,,,,,,,,,,,,,,,,,,,,,,,,,,,,,,False
h-den_GPT2_j,-0.0075043149999999,,,,,,,,,,,,0.07850715,0.1079275,0.06347575,0.0794076,0.02499235,0.0230608,0.0954405,0.02422615,0.01093765,,,,,,,,,,,,,,,,,,,,,,,,,,,,,,,,,,,,,,,,,,,,,,,,,,,-33915.28353606455,,0.0566148,,,,,,0.9992515,,0.0419267,,,,,,log_cpy_j,0.9893446463359262,0.0030713698027532,0.2196755908120249,0.0106553536640737,-0.1484093615183701,0.3527564118073872,0.6098377954060125,0.0016950354150734,0.0016950354150734,0.1298003816784588,0.5076092036734505,0.3730406769716957,-59010834771654.67,0.5964464016945038,0.7538046018367253,0.0729863979574815,0.0729863979574815,,,,,,,,,,,,,,,,,,,,,,,,,,,,,,,,,,,,,,,,,,,,,,,,,,,,,,,,,,,,,False
h-den_SBERT_j,0.005822025,,,,,,,,,,,,,,,,,,,,,,0.009419135,0.0369059999999999,0.126628,0.007446095,0.07536055,0.0289201,-0.06695545,0.0028694849999999,0.0510047,,,,,,,,,,,,,,,,,,,,,,,,,,,,,,,,,,,,,,,,,-33884.04699687196,,,0.0302464,,,,,1.002,,,0.06080085,,,,,log_cpy_j,0.9902628316803508,0.0012200634363351,0.2193386277707671,0.0097371683196493,-0.1148793251703552,0.3531443254822393,0.6096693138853836,0.0012639430732109,0.0012639430732109,0.1275056475497095,0.5072424750263012,0.3722145689727023,-59983461350938.17,0.5947777358832458,0.7536212375131506,0.0722959657911974,0.0722959657911974,,,,,,,,,,,,,,,,,,,,,,,,,,,,,,,,,,,,,,,,,,,,,,,,,,,,,,,,,,,,,False
h-den_SciBERT_j,-0.01299615,,,,,,,,,,,,,,,,,,,,,,,,,,,,,,,,0.0502101,0.0440134499999999,0.05350715,0.0397885,0.05604415,0.0046081149999999,0.19814,-0.0125672,0.1032595,,,,,,,,,,,,,,,,,,,,,,,,,,,,,,,-33141.627062658066,,,,0.0595255499999999,,,,0.996357,,,,0.07018605,,,,log_cpy_j,0.9879640408938016,0.0058518058338351,0.2211113514633018,0.0120359591061984,-0.1297788234858554,0.3544795607838371,0.6105556757316509,0.0035318701587372,0.0035318701587372,0.1316885480290388,0.5084476516361219,0.373721237113457,-58323264397286.0,0.5950472148752337,0.7542238258180609,0.0745649259718146,0.0745649259718146,,,,,,,,,,,,,,,,,,,,,,,,,,,,,,,,,,,,,,,,,,,,,,,,,,,,,,,,,,,,,False
h-den_Word2Vec_j,-0.0113058,,,,,,,,,,,,,,,,,,,,,,,,,,,,,,,,,,,,,,,,,,-0.02214085,-0.02647225,0.09934395,0.054305,0.04620875,0.0272290499999999,0.0173263,-0.09224095,0.08411085,,,,,,,,,,,,,,,,,,,,,-33514.43117987309,,,,,0.02087975,,,0.9973305,,,,,0.0685863499999999,,,log_cpy_j,0.9900200288439563,0.0017097856871184,0.2189080385520477,0.0099799711560436,-0.0792639946386923,0.3512745088397847,0.6094540192760238,0.00071307044936,0.00071307044936,0.1278504623560632,0.5070081624436745,0.372338633445424,-58314954574855.95,0.5936159740038891,0.7535040812218372,0.07185483051238,0.07185483051238,,,,,,,,,,,,,,,,,,,,,,,,,,,,,,,,,,,,,,,,,,,,,,,,,,,,,,,,,,,,,False
h-den_BOW_j.h-nonsems,-0.0093327,,-0.06201855,-0.0551997,-0.0966884,-0.13252,-0.0139078,-0.0113832,-0.05521255,-0.08499935,0.0136216499999999,,,,,,,,,,,,,,,,,,,,,,,,,,,,,,,,,,,,,,,,,,0.1367835,-0.05142115,0.276478,0.1196095,0.3094955,0.1513535,0.0513629,0.09388085,0.247108,,0.150302,-0.02866105,0.100909,0.07783215,0.004411865,0.1731665,0.133491,0.140892,0.1633,-34169.85723773861,-0.0547885,,,,,0.147148,0.1020885,0.972745,0.05271465,,,,,0.128678,0.08074385,log_cpy_j,0.9666521911930888,0.0482797020792508,0.2434070001436994,0.0333478088069113,-0.6282791556876566,0.37791738617789,0.6217035000718497,0.0320557206293952,0.0320557206293952,0.1662472417299308,0.5217855572542198,0.3863106841236831,-63054991524674.18,0.6124253211361381,0.7608927786271099,0.0996759150946416,0.0996759150946416,,,,,,,,,,,,,,,,,,,,,,,,,,,,,,,,,,,,,,,,,,,,,,,,,,,,,,,,,,,,,True
h-den_GPT2_j.h-nonsems,-0.00463212,,,,,,,,,,,,0.08555265,0.107492,0.0683364499999999,0.0749399,0.0193540499999999,0.007583355,0.0915160999999999,-0.00800313,-0.0195919,,,,,,,,,,,,,,,,,,,,,,,,,,,,,,,,0.141375,-0.0468074,0.263215,0.1212075,0.307718,0.1508505,0.01429275,0.0875489,0.272683,,0.1405239999999999,-0.0538770499999999,0.090344,0.0562152999999999,-8.637795e-05,0.1708605,0.05555905,0.13735,0.129723,-34477.27978899905,,0.0476128,,,,0.144658,0.08130465,0.975252,,0.0546795,,,,0.134577,0.0830387,log_cpy_j,0.966865942168194,0.0478587572235551,0.2432311021855088,0.0331340578318058,-0.5629734783332805,0.3772954318296551,0.6216155510927543,0.0318306862682314,0.0318306862682314,0.1663556572514436,0.5217064044026053,0.3863505854071254,-62862256404064.01,0.611348622567673,0.7608532022013026,0.0995268957168739,0.0995268957168739,,,,,,,,,,,,,,,,,,,,,,,,,,,,,,,,,,,,,,,,,,,,,,,,,,,,,,,,,,,,,True
h-den_SBERT_j.h-nonsems,0.00457357,,,,,,,,,,,,,,,,,,,,,,-0.0146882,0.05291645,0.07672955,-0.000393455,0.0250992999999999,0.00659726,-0.0845260499999999,-0.00400847,-0.02503935,,,,,,,,,,,,,,,,,,,,,,0.118504,-0.06435845,0.235236,0.1176685,0.308449,0.1481835,0.009161695,0.0600104999999999,0.2759305,,0.1233875,-0.05501765,0.0991528,0.0682676,-0.005816305,0.1691225,0.08306545,0.139784,0.131023,-34429.697857548905,,,0.004323095,,,0.1335,0.0839720499999999,0.978851,,,0.0534749999999999,,,0.1390315,0.08225725,log_cpy_j,0.968392806963215,0.0448491593343058,0.2420313266628885,0.031607193036785,-0.565191633858046,0.3770432948573936,0.6210156633314443,0.0302957581709985,0.0302957581709985,0.1632181943091016,0.5208433447020503,0.3851969194450643,-63643149423658.06,0.6105755746115945,0.7604216723510251,0.0979020317109702,0.0979020317109702,,,,,,,,,,,,,,,,,,,,,,,,,,,,,,,,,,,,,,,,,,,,,,,,,,,,,,,,,,,,,True
h-den_SciBERT_j.h-nonsems,-0.00922945,,,,,,,,,,,,,,,,,,,,,,,,,,,,,,,,0.0445718499999999,0.0589381999999999,0.02272665,0.0313875,0.0628465,0.004673275,0.1825995,-0.0392583,0.0515829,,,,,,,,,,,,0.1381925,-0.05075965,0.2541105,0.1174835,0.3137295,0.1507365,0.0714752,0.07880385,0.2453685,,0.1385914999999999,-0.0559231,0.0971603,0.07709765,-0.0203706499999999,0.1719135,0.06460945,0.151758,0.153297,-33632.69070802465,,,,0.04540685,,0.145747,0.08583205,0.972766,,,,0.06781015,,0.126178,0.0901972,log_cpy_j,0.9654211212776512,0.0507022655948854,0.2444722288376409,0.0345788787223486,-0.5662835096276644,0.3788160211995149,0.6222361144188204,0.0334185167704088,0.0334185167704088,0.1683764260722055,0.5224547476524825,0.3870947852561566,-62692470727528.32,0.6125444056136313,0.7612273738262412,0.100935785519056,0.100935785519056,,,,,,,,,,,,,,,,,,,,,,,,,,,,,,,,,,,,,,,,,,,,,,,,,,,,,,,,,,,,,True
h-den_Word2Vec_j.h-nonsems,-0.008156425,,,,,,,,,,,,,,,,,,,,,,,,,,,,,,,,,,,,,,,,,,-0.0514171499999999,-0.01923985,0.03681255,0.0184307999999999,-0.02166,-0.004075715,-0.0264692,-0.1231569999999999,-0.00136147,,0.1384935,-0.0489516,0.258189,0.114079,0.309852,0.151554,0.0516584999999999,0.0986522,0.2480325,,0.1522835,-0.033729,0.09437985,0.07927275,0.01189395,0.1714375,0.131167,0.1551,0.1634884999999999,-34061.636798127736,,,,,-0.02150315,0.1471095,0.1020875,0.9734455,,,,,0.05299455,0.126776,0.08239805,log_cpy_j,0.9681249495428044,0.0453774756439476,0.2421718631847098,0.0318750504571956,-0.5910989380928313,0.3754602497610002,0.6210859315923549,0.0304755530175877,0.0304755530175877,0.1635301589237071,0.5209604849453815,0.3853115339624227,-63279400541807.14,0.6106468150338421,0.7604802424726907,0.0981225691371868,0.0981225691371868,,,,,,,,,,,,,,,,,,,,,,,,,,,,,,,,,,,,,,,,,,,,,,,,,,,,,,,,,,,,,True
h-BOW-SciBERT.h-nonsems,-0.0077556599999999,,,,,,,,,,,,,,,,,,,,,,,,,,,,,,,,,,,,,,,,,,,,,,,,,,,,0.115535,-0.04094705,0.2549625,0.1011655,0.320549,0.1442284999999999,0.00849775,0.0940933499999999,0.2329755,,0.139648,-0.03442385,0.0882674,0.0672614,0.000490099,0.159462,0.1170815,0.134421,0.1747935,-19179.956259951166,,,,,,0.1372249999999999,0.0941746,0.9755265,,,,,,0.1313794999999999,0.0810766,log_cpy_j,0.9684529957746382,0.0447304240855638,0.2413584042293282,0.0315470042253618,-0.5694442837680369,0.37485308050567,0.6206792021146641,0.0294348575016181,0.0294348575016181,0.1628006217094043,0.5204159030059072,0.3850435384208588,-62954915069766.12,0.6092774485554846,0.7602079515029536,0.0970972963882126,0.0970972963882126,,,,,,,,,,,,,,,,,,,,,,,,,,,,,,,,,,,,,,,,,,,,,,,,,,,,,,,,,,,,,True
den_h-sems.h-nonsems,-0.0088211649999999,,-0.0392262,-0.047234,-0.114007,-0.1626195,-0.00567075,-0.03807375,-0.07474025,-0.0167262,0.0119966999999999,,0.0649682,0.0736418,0.0578595499999999,0.02935475,0.0015614449999999,-0.005104425,0.0509762,-0.0003804365,-0.0377408,,-0.0091372,0.0939783,0.04015485,-0.01999045,0.0140368,-0.00892373,-0.06250955,0.0582662,-0.0199794999999999,,0.017405,0.01793215,-0.03526685,0.0144689,0.0627746,-0.009044545,0.218504,-0.0191761,0.0879596,,-0.03353925,-0.0369467,0.0618429,0.07668425,-0.0567207,0.00826911,-0.0622292,-0.119458,-0.0332048499999999,,0.1215615,-0.0320818,0.253341,0.10448,0.3351845,0.145192,0.03303035,0.0991471,0.2360114999999999,,0.147343,-0.05139515,0.0802712,0.03395715,-0.006515585,0.164465,0.0902708,0.157635,0.1765225,-19326.52665078585,-0.05416345,0.0256684,0.009414495,0.04056945,-0.0221641,0.144451,0.0883111,0.9668385,0.0649154,0.0455769,0.06156845,0.0893105999999999,0.07231645,0.1298225,0.09383385,log_cpy_j,0.9633679161525568,0.0547358014426506,0.2462703916408066,0.0366320838474433,-0.6292660538435149,0.3802113036821249,0.6231351958204033,0.0357189892820919,0.0357189892820919,0.172117978737183,0.5236570117182922,0.3884750986456556,-62296318392524.63,0.613685187528137,0.7618285058591461,0.103199262315469,0.103199262315469,,,,,,,,,,,,,,,,,,,,,,,,,,,,,,,,,,,,,,,,,,,,,,,,,,,,,,,,,,,,,True
asym_BOW,-0.01549685,,,,,,,,,,,,,,,,,,,,,,,,,,,,,,,,,,,,,,,,,,,,,,,,,,,,,,,,,,,,,,,,,,,,,,,-34017.57192097229,,,,,,,,0.9961435,,,,,,,,log_cpy,0.9970563172575836,-0.0067371259231856,0.2109770246721867,-0.0032553011556988,-0.2171980838434244,0.3449758400804463,0.6054885123360934,-0.0035651457746319,-0.0035651457746319,0.0058389370925141,0.4682417187364613,0.3258546661682939,-72122882647560.19,0.5576781422568944,0.7341208593682307,0.0014325580991002,0.0014325580991002,0.0917419999999999,,,,,,,,,,,,,,,,,,,,,,,,,,,,,,,,,,,,,,,,,,,,,,,,,,,,,,,,,,,,False
asym_GPT2,-0.01283925,,,,,,,,,,,,,,,,,,,,,,,,,,,,,,,,,,,,,,,,,,,,,,,,,,,,,,,,,,,,,,,,,,,,,,,-34176.52706826871,,,,,,,,1.00566,,,,,,,,log_cpy,0.999927365419238,0.0001943718879044,0.2136318037152115,0.0002044268127033,-0.0539300629189005,0.3494571187756164,0.6068159018576058,-0.0001885093513316,-0.0001885093513316,0.0001052714340227,0.4664902097736172,0.3239134481168312,-72251326554460.34,0.5552112873903308,0.7332451048868086,-0.001856529981179,-0.001856529981179,,,,,,,,,,,-0.0173366,,,,,,,,,,,,,,,,,,,,,,,,,,,,,,,,,,,,,,,,,,,,,,,,,,False
asym_SBERT,0.000769445,,,,,,,,,,,,,,,,,,,,,,,,,,,,,,,,,,,,,,,,,,,,,,,,,,,,,,,,,,,,,,,,,,,,,,,-33896.05067365016,,,,,,,,1.00478,,,,,,,,log_cpy,0.9999681397854532,0.0013403328777383,0.2142202657243261,0.0007775658229697,-0.0395309308157678,0.3487959358333465,0.6071101328621631,0.000559960567069,0.000559960567069,2.3723700664279868e-05,0.4668230693676536,0.3238858791137086,-73368203070367.08,0.5583228781201104,0.7334115346838268,-0.001231466366675,-0.001231466366675,,,,,,,,,,,,,,,,,,,,,-0.024265,,,,,,,,,,,,,,,,,,,,,,,,,,,,,,,,,,,,,,,,False
asym_SciBERT,-0.01037815,,,,,,,,,,,,,,,,,,,,,,,,,,,,,,,,,,,,,,,,,,,,,,,,,,,,,,,,,,,,,,,,,,,,,,,-33607.47792204552,,,,,,,,1.000095,,,,,,,,log_cpy,0.9997223125992594,-0.0002923131629644,0.2134019008379559,-3.888365941939753e-05,-0.0772280540280165,0.3465018679591056,0.606700950418978,-0.0004809248091086,-0.0004809248091086,0.0005153216401092,0.4667227347088977,0.3240520916411588,-72589857552537.16,0.5565341358903919,0.7333613673544488,-0.0014198807779932,-0.0014198807779932,,,,,,,,,,,,,,,,,,,,,,,,,,,,,,,-0.0369035,,,,,,,,,,,,,,,,,,,,,,,,,,,,,,False
asym_Word2Vec,-0.0144542,,,,,,,,,,,,,,,,,,,,,,,,,,,,,,,,,,,,,,,,,,,,,,,,,,,,,,,,,,,,,,,,,,,,,,,-33880.406221092875,,,,,,,,0.993704,,,,,,,,log_cpy,0.9955816332165192,-0.0046395793744129,0.2122322559631434,-0.0022096101282684,-0.243613004155585,0.3438508936711434,0.6061161279815717,-0.0019686062404484,-0.0019686062404484,0.008777566013046,0.4698739606412138,0.3268517526396921,-70702965500633.67,0.5605712912440658,0.734936980320607,0.0044976793784891,0.0044976793784891,,,,,,,,,,,,,,,,,,,,,,,,,,,,,,,,,,,,,,,,,-0.112143,,,,,,,,,,,,,,,,,,,,False
asym_BOW.nonsems,-0.0126192,,,,,,,,,,,,,,,,,,,,,,,,,,,,,,,,,,,,,,,,,,,,,,,,,,,0.1582285,,,,,,,,,,0.129096,,,,,,,,,,-33403.02115015367,,,,,,,,0.97501,,,,,,,,log_cpy,0.9808440252517616,0.0104159446988595,0.2253534469024195,0.0053282914983341,-0.670783338408178,0.35881223037876,0.6126767234512098,0.0147203499870181,0.0147203499870181,0.0379065175998768,0.4810554988651075,0.3368163749677562,-79290812361958.42,0.5738719215643795,0.7405277494325537,0.0254950392958932,0.0254950392958932,0.08238335,,,,,,,,,,,,,,,,,,,,,,,,,,,,,,,,,,,,,,,,,,,,,,,,,,,,,,,,,,,,False
asym_GPT2.nonsems,-0.0110522,,,,,,,,,,,,,,,,,,,,,,,,,,,,,,,,,,,,,,,,,,,,,,,,,,,0.13722,,,,,,,,,,0.1248645,,,,,,,,,,-33806.51628529894,,,,,,,,0.9867015,,,,,,,,log_cpy,0.9821724332533008,0.0206289158357835,0.2273606186064725,0.0104743423986113,-0.5630667671160847,0.3619505609115313,0.6136803093032362,0.0172732890353844,0.0172732890353844,0.0352987265263073,0.4787244045940986,0.3359181909432817,-79254742154681.6,0.5720032455321176,0.7393622022970493,0.0211175713277401,0.0211175713277401,,,,,,,,,,,-0.0174314,,,,,,,,,,,,,,,,,,,,,,,,,,,,,,,,,,,,,,,,,,,,,,,,,,False
asym_SBERT.nonsems,0.000143177,,,,,,,,,,,,,,,,,,,,,,,,,,,,,,,,,,,,,,,,,,,,,,,,,,,0.1354785,,,,,,,,,,0.1164925,,,,,,,,,,-33527.1420595763,,,,,,,,0.9868995,,,,,,,,log_cpy,0.9823291839888229,0.0218933280772045,0.2279619439406734,0.0111133098260214,-0.5513077946808149,0.3625094140463958,0.6139809719703367,0.0180381199282044,0.0180381199282044,0.0349907771359225,0.4790210906000858,0.3358122061808386,-79636865902142.05,0.5733468551675789,0.7395105453000429,0.0216747060193569,0.0216747060193569,,,,,,,,,,,,,,,,,,,,,-0.020224,,,,,,,,,,,,,,,,,,,,,,,,,,,,,,,,,,,,,,,,False
asym_SciBERT.nonsems,-0.008242035,,,,,,,,,,,,,,,,,,,,,,,,,,,,,,,,,,,,,,,,,,,,,,,,,,,0.153595,,,,,,,,,,0.1336,,,,,,,,,,-32992.80970703375,,,,,,,,0.9786835,,,,,,,,log_cpy,0.9829061298652132,0.0170335283787331,0.2275615438202586,0.0086596732887712,-0.6432590828250389,0.3622640226464242,0.6137807719101294,0.0175288475523963,0.0175288475523963,0.0338568973740516,0.4794258862905068,0.3354221124983554,-80012782356506.95,0.5733403771938813,0.7397129431452534,0.0224348555296114,0.0224348555296114,,,,,,,,,,,,,,,,,,,,,,,,,,,,,,,-0.02941655,,,,,,,,,,,,,,,,,,,,,,,,,,,,,,False
asym_Word2Vec.nonsems,-0.0113509,,,,,,,,,,,,,,,,,,,,,,,,,,,,,,,,,,,,,,,,,,,,,,,,,,,0.1483705,,,,,,,,,,0.1318745,,,,,,,,,,-33294.42864684492,,,,,,,,0.97367,,,,,,,,log_cpy,0.9795858234262658,0.0135410342389211,0.2262751597769415,0.0069001115558013,-0.6875209285361745,0.3608527866948905,0.6131375798884708,0.0158926845630775,0.0158926845630775,0.0403732326746101,0.4818281497046166,0.3376670900928653,-78423753012034.05,0.5759193966688805,0.7409140748523083,0.026945969162858,0.026945969162858,,,,,,,,,,,,,,,,,,,,,,,,,,,,,,,,,,,,,,,,,-0.0923303,,,,,,,,,,,,,,,,,,,,False
asym_sems.nonsems,-0.0203962499999999,,,,,,,,,,,,,,,,,,,,,,,,,,,,,,,,,,,,,,,,,,,,,,,,,,,0.1348825,,,,,,,,,,0.127259,,,,,,,,,,-18711.990139839363,,,,,,,,0.982418,,,,,,,,log_cpy,0.9767307301382592,0.0096295795293468,0.223399673878609,0.004933165962081,-0.6895450590337651,0.3572130620755509,0.6116998369393045,0.0122353291818427,0.0122353291818427,0.0459589223448513,0.4825734510259445,0.3395975204852607,-77789554511242.38,0.5761538935009467,0.7412867255129723,0.0283455404720538,0.0283455404720538,0.08606925,,,,,,,,,,-0.02271765,,,,,,,,,,8.00361e-06,,,,,,,,,,-0.01538705,,,,,,,,,,-0.07969915,,,,,,,,,,,,,,,,,,,,False
h-asym_BOW_j,-0.0105625,,,,,,,,,,,,,,,,,,,,,,,,,,,,,,,,,,,,,,,,,,,,,,,,,,,,,,,,,,,,,,,,,,,,,,,-34033.61620228713,,,,,,,,0.994242,,,,,,,,log_cpy_j,0.999188310915088,0.0014085398001937,0.2142045987954131,0.000811689084912,-0.0623068736239915,0.3499426377582179,0.6071022993977065,0.0005400336646972,0.0005400336646972,0.1248590708459007,0.504375096458563,0.3674947191015397,-60956198654621.44,0.5913183511485693,0.7521875482292815,0.0692859716340293,0.0692859716340293,,-0.0205243,-0.041489,0.0741024,-0.0275731,-0.009461335,0.05167,0.02959685,-0.02635125,-0.04102315,,,,,,,,,,,,,,,,,,,,,,,,,,,,,,,,,,,,,,,,,-0.00162258,,,,,0.04898525,,,,,False
h-asym_GPT2_j,-0.005519015,,,,,,,,,,,,,,,,,,,,,,,,,,,,,,,,,,,,,,,,,,,,,,,,,,,,,,,,,,,,,,,,,,,,,,,-34018.1957936175,,,,,,,,0.998873,,,,,,,,log_cpy_j,0.9997609282069356,0.0002636613449419,0.2137628202007193,0.0002390717930642,-0.0565981397295431,0.3476974017685555,0.6068814101003597,-2.186835038631152e-05,-2.186835038631152e-05,0.1240876373613294,0.5041158868515844,0.3672160049792884,-61563251475705.83,0.5905828874334158,0.7520579434257921,0.0687992123614859,0.0687992123614859,,,,,,,,,,,,-0.02239695,-0.0473847,-0.02157175,-0.0140084499999999,-0.0223025,-0.00264408,-0.03011165,-0.0159695,0.0021133,,,,,,,,,,,,,,,,,,,,,,,,,,,,,,,,-0.01923575,,,,,0.01959115,,,,False
h-asym_SBERT_j,0.00691961,,,,,,,,,,,,,,,,,,,,,,,,,,,,,,,,,,,,,,,,,,,,,,,,,,,,,,,,,,,,,,,,,,,,,,,-33860.12236619201,,,,,,,,0.9993965,,,,,,,,log_cpy_j,0.9987332465517276,0.0023179177466564,0.2147707159167675,0.0012667534482724,-0.1385468447216968,0.346020293979934,0.6073853579583838,0.0012600829271177,0.0012600829271177,0.1253789420799024,0.5046800724226989,0.3676826146380957,-62155392020008.66,0.59255154714608,0.7523400362113495,0.069858673703896,0.069858673703896,,,,,,,,,,,,,,,,,,,,,,-0.0663555,-0.073364,-0.10539,-0.05581365,-0.1015725,-0.03444395,-0.0599784,-0.03357105,-0.05312105,,,,,,,,,,,,,,,,,,,,,,,-0.06493765,,,,,0.03084515,,,False
h-asym_SciBERT_j,-0.0108171999999999,,,,,,,,,,,,,,,,,,,,,,,,,,,,,,,,,,,,,,,,,,,,,,,,,,,,,,,,,,,,,,,,,,,,,,,-33537.81250688048,,,,,,,,0.995057,,,,,,,,log_cpy_j,0.9997035093925182,0.0003784928516685,0.2137171242913775,0.0002964906074818,-0.0689675143369212,0.348307271819348,0.6068585621456888,-7.998937265552009e-05,-7.998937265552009e-05,0.1240221424970584,0.504065738942026,0.3671923477454513,-61079016045328.81,0.5906185971395904,0.752032869471013,0.068705041623523,0.068705041623523,,,,,,,,,,,,,,,,,,,,,,,,,,,,,,,,-0.0062822,-0.0463441,-0.0459520999999999,0.03496415,0.00413561,-0.01845105,-0.0608415,0.005918325,-0.0235188,,,,,,,,,,,,,,-0.01746365,,,,,0.036108,,False
h-asym_Word2Vec_j,-0.0096624649999999,,,,,,,,,,,,,,,,,,,,,,,,,,,,,,,,,,,,,,,,,,,,,,,,,,,,,,,,,,,,,,,,,,,,,,,-33968.82415917433,,,,,,,,0.992515,,,,,,,,log_cpy_j,0.9986205035251332,0.0025431537626091,0.2146658622803706,0.0013794964748669,-0.0886680236613537,0.3504129825680033,0.6073329311401854,0.0011267186802123,0.0011267186802123,0.1254390096820988,0.5045930805356231,0.3677043282939566,-60937934676016.1,0.5903729858388613,0.7522965402678116,0.0696953151456863,0.0696953151456863,,,,,,,,,,,,,,,,,,,,,,,,,,,,,,,,,,,,,,,,,,0.02338195,0.0165507,-0.104945,-0.0003036195,-0.03279665,-0.05758405,-0.0514818,0.0425784,-0.1158725,,,,,-0.0308532,,,,,0.0641379,False
h-asym_BOW_j.h-nonsems,-0.007323005,,,,,,,,,,,,,,,,,,,,,,,,,,,,,,,,,,,,,,,,,,,,,,,,,,,,0.1336264999999999,-0.03660665,0.259039,0.114158,0.3001735,0.180119,0.0538548499999999,0.0725764,0.2461634999999999,,0.151741,-0.04173255,0.09286915,0.07486765,0.0174483,0.157311,0.123834,0.132596,0.156929,-34614.95290659902,,,,,,0.147051,0.09633285,0.9705315,,,,,,0.123371,0.0782976,log_cpy_j,0.9755090095936546,0.0481780238666226,0.237623200668354,0.0244909904063453,-0.5656129434931036,0.3754372806071582,0.618811600334177,0.0303263559104997,0.0303263559104997,0.1623330660606736,0.5184160725849596,0.3811849831217401,-65008725436081.7,0.6084924800838092,0.7592080362924798,0.0956529547283249,0.0956529547283249,,-0.0274343,-0.0359953499999999,0.04319525,-0.02268055,0.01026285,0.0265174499999999,0.03046265,-0.02402365,-0.02451745,,,,,,,,,,,,,,,,,,,,,,,,,,,,,,,,,,,,,,,,,-0.002837605,,,,,0.0355138,,,,,True
h-asym_GPT2_j.h-nonsems,-0.00252956,,,,,,,,,,,,,,,,,,,,,,,,,,,,,,,,,,,,,,,,,,,,,,,,,,,,0.1307935,-0.0523785,0.2562474999999999,0.1161565,0.2986105,0.183265,0.03604345,0.0674544,0.2270074999999999,,0.151372,-0.0384852,0.0945161,0.072029,0.01602905,0.158554,0.0747933,0.133233,0.1412545,-34549.39402140158,,,,,,0.141488,0.0887954,0.97559,,,,,,0.126839,0.0753742,log_cpy_j,0.9753115926523152,0.0485632315229884,0.2375681489725551,0.0246884073476848,-0.5282930015682761,0.3728145661508966,0.6187840744862776,0.0302563351825271,0.0302563351825271,0.1628559834891793,0.5184140416109086,0.3813781623320603,-65400969388977.03,0.6086012132565055,0.7592070208054543,0.0956491408440207,0.0956491408440207,,,,,,,,,,,,-0.02492405,-0.0470681,-0.02244625,-0.0150257,-0.02134005,-0.00994814,-0.02873845,-0.0169362,0.00384868,,,,,,,,,,,,,,,,,,,,,,,,,,,,,,,,-0.0204657499999999,,,,,0.0183644,,,,True
h-asym_SBERT_j.h-nonsems,0.0054465,,,,,,,,,,,,,,,,,,,,,,,,,,,,,,,,,,,,,,,,,,,,,,,,,,,,0.1163495,-0.05311585,0.2390065,0.113967,0.2893335,0.1826565,0.03497965,0.04152435,0.2234795,,0.122865,-0.03889545,0.102763,0.06878655,0.00854633,0.1656155,0.07875555,0.1209795,0.1432105,-34411.7642919173,,,,,,0.13285,0.0852694,0.9770625,,,,,,0.1255575,0.07347275,log_cpy_j,0.9749911505222802,0.0491883247592443,0.2376711106053066,0.0250088494777197,-0.5215822232377907,0.3727474125339701,0.6188355553026533,0.0303872929736338,0.0303872929736338,0.1629183398748745,0.5184035619784466,0.3814012024180611,-65327413850810.22,0.6088232460382487,0.7592017809892233,0.0956294615646407,0.0956294615646407,,,,,,,,,,,,,,,,,,,,,,-0.0578584,-0.07090955,-0.0748974,-0.04465875,-0.0678758,-0.0234398,-0.059662,-0.0305155,-0.0406616999999999,,,,,,,,,,,,,,,,,,,,,,,-0.0521683,,,,,0.0229438,,,True
h-asym_SciBERT_j.h-nonsems,-0.0075812,,,,,,,,,,,,,,,,,,,,,,,,,,,,,,,,,,,,,,,,,,,,,,,,,,,,0.1304215,-0.03600815,0.2565135,0.113788,0.298698,0.182929,0.0574632999999999,0.061546,0.248677,,0.151245,-0.04766135,0.09150205,0.0769997,0.01640185,0.1580375,0.1219109999999999,0.1422935,0.155457,-34043.89388478185,,,,,,0.1464504999999999,0.0960343,0.9709445,,,,,,0.1229565,0.0804431999999999,log_cpy_j,0.9757102464281482,0.0477852824443149,0.2373558665270353,0.0242897535718518,-0.5786725895779468,0.3734189555587204,0.6186779332635177,0.0299863313042559,0.0299863313042559,0.1620018017170612,0.5182487727709211,0.3810626367095922,-65072135685984.08,0.6089656145319203,0.7591243863854605,0.0953387891511796,0.0953387891511796,,,,,,,,,,,,,,,,,,,,,,,,,,,,,,,,0.00569697,-0.0469334,-0.04359545,0.0384576499999999,0.00156551,-0.0170966499999999,-0.05649755,0.01158965,-0.0157913,,,,,,,,,,,,,,-0.01320765,,,,,0.0366636,,True
h-asym_Word2Vec_j.h-nonsems,-0.006190495,,,,,,,,,,,,,,,,,,,,,,,,,,,,,,,,,,,,,,,,,,,,,,,,,,,,0.134663,-0.03688975,0.2563235,0.1167565,0.297871,0.180379,0.0549986,0.07448455,0.2326174999999999,,0.1511855,-0.0419622,0.0920926,0.07625445,0.01691095,0.1560484999999999,0.1241595,0.142484,0.1607084999999999,-34493.936850901155,,,,,,0.1458815,0.09787645,0.9690915,,,,,,0.1216184999999999,0.0799752,log_cpy_j,0.9750843545133214,0.0490065309479093,0.2378367092064842,0.0249156454866785,-0.5590043720808924,0.3751091872816037,0.6189183546032422,0.0305979192665651,0.0305979192665651,0.1627701250002609,0.5185039255969428,0.3813464398486171,-65131983897492.34,0.6083596806610037,0.7592519627984714,0.0958179303582877,0.0958179303582877,,,,,,,,,,,,,,,,,,,,,,,,,,,,,,,,,,,,,,,,,,0.02918085,0.01266295,-0.07186525,0.018521,-0.0171472999999999,-0.03279555,-0.05266865,0.069123,-0.08662125,,,,,-0.01481825,,,,,0.05841725,True
asym_h-sems.h-nonsems,-0.00742199,,,,,,,,,,,,,,,,,,,,,,,,,,,,,,,,,,,,,,,,,,,,,,,,,,,,0.113101,-0.02421675,0.2371475,0.0991510999999999,0.30122,0.197351,0.02485215,0.08098015,0.2154485,,0.144925,-0.0306579,0.0929386,0.06291805,0.01526695,0.141028,0.1306405,0.1429685,0.171984,-19333.49381517956,,,,,,0.1398059999999999,0.09649935,0.969374,,,,,,0.1220725,0.0774158,log_cpy_j,0.974620311343493,0.0499114721745578,0.2381801259387146,0.0253796886565069,-0.5728537603694384,0.3726009365762727,0.6190900629693573,0.03103471397815,0.03103471397815,0.16362711263474,0.5187362612553094,0.3816631474870579,-64537156053706.58,0.6093849444299689,0.7593681306276547,0.0962542241259865,0.0962542241259865,,-0.01677265,-0.02940245,0.0139324,-0.00830417,0.01092985,0.01602505,0.0180865,-0.0241964,0.004565665,,-0.03156855,-0.033504,-0.01323015,-0.0179419499999999,-0.01228905,-0.0160167,-0.02527325,-0.019104,-0.008990585,,-0.04754475,-0.0698539,-0.0714702,-0.0379805,-0.0863005,0.0097784799999999,-0.04728255,-0.04849235,-0.0125664,,0.0111494,-0.02897605,-0.01499765,0.03731505,0.0218226,0.00477237,-0.0393032,0.0155356,-0.0007934655,,0.0326853,0.0257592499999999,-0.02126835,0.01964875,0.0030716349999999,-0.02848855,-0.0275318999999999,0.0978372,-0.0661669,-0.002215905,-0.0194956,-0.0453644,-6.1164e-05,0.003334385,0.0245855,0.01490845,0.03688635,0.03165445,0.0563411999999999,True
den-asym_sems.nonsems,-0.01554435,0.0175175,,,,,,,,,,0.1129355,,,,,,,,,,0.184781,,,,,,,,,,-0.03429385,,,,,,,,,,-0.145654,,,,,,,,,,0.146262,,,,,,,,,,0.1337215,,,,,,,,,,-18744.629858041768,,,,,,,,0.9700845,,,,,,,,log_cpy,0.987404364305784,-0.0362861445574775,0.2114565804800455,-0.0201481155377807,-1.0857432475355735,0.35007164865964,0.6057282902400227,0.0012763390391462,0.0012763390391462,0.027642825757204,0.4826527872719858,0.3323806957738391,-76204192345324.52,0.5768009225185419,0.7413263936359928,0.0336379030626138,0.0336379030626138,0.0710654,,,,,,,,,,-0.0140142,,,,,,,,,,0.007368685,,,,,,,,,,-0.01226395,,,,,,,,,,-0.1357915,,,,,,,,,,,,,,,,,,,,False
den-asym_h-sems.h-nonsems,-0.00951072,,-0.0415755,-0.0529769999999999,-0.112523,-0.156224,-0.00724368,-0.0273058,-0.0778299,-0.0204217,-0.022045,,0.06264185,0.0910149,0.0701444,0.0271937,-0.0071085,0.00661327,0.072575,-0.0100377,-0.0467734999999999,,-0.0334143,0.0700922,0.0255758,-0.04797215,-0.0008653129999999,-0.0309970499999999,-0.04807525,0.0194874,-0.0110559,,0.02120445,0.02534475,-0.03011205,0.0367864,0.08623885,0.0026428149999999,0.2095105,-0.007760545,0.0797081,,-0.0665936,-0.03980295,0.02084755,0.0539351,-0.10913,-0.0518278499999999,-0.0993787,-0.120865,-0.1156425,,0.1192785,-0.01955695,0.2344085,0.1062545,0.3388805,0.147286,0.06196155,0.07363325,0.2452455,,0.1823239999999999,-0.04891075,0.0947479,0.038552,0.0260553499999999,0.1536845,0.106646,0.1618025,0.184981,-19524.331938955616,-0.0576659999999999,0.02901075,-0.006368685,0.04785135,-0.05937675,0.145492,0.09964225,0.961293,0.0582107,0.0554377,0.0533854,0.08312035,0.0735426,0.1256435,0.09249835,log_cpy_j,0.9721594504295372,0.0589163398480071,0.2397137668000111,0.0278405495704627,-0.8257622963141382,0.3724337093513244,0.6198568834000056,0.0370652631127366,0.0370652631127366,0.1689633496652415,0.5191935279597353,0.3827997929060013,-64170526394344.52,0.6082740241828931,0.7595967639798676,0.1018930051022245,0.1018930051022245,,0.003926265,-0.0117245,0.0386118,-0.0168060999999999,0.00894796,0.0189196,0.01299925,-0.01794865,-0.004593095,,-0.0290458,-0.0255934999999999,-0.01105455,-0.006487825,-0.00369965,-0.01517575,-0.01083015,-0.0119233,-0.0099553949999999,,-0.04220685,-0.0637881,-0.05261525,-0.0319311,-0.06515125,-0.02270775,-0.0323036,-0.0390002,-0.0318477,,0.0044907049999999,0.0061425,0.006640875,0.03675445,0.0499595,0.005613675,0.0173595,0.0242612499999999,0.0103547,,-0.05502995,-0.01487925,-0.0649352,-0.01150465,-0.06872575,-0.07227475,-0.07042915,0.00393533,-0.128937,0.003312365,-0.01373845,-0.04252025,0.0178292,-0.05329415,0.0253754,0.01467295,0.0219354,0.02329615,0.0496937999999999,True
