,alpha,beta[den_BOW],"beta[den_BOW_j,Economics]","beta[den_BOW_j,Education]","beta[den_BOW_j,Geology]","beta[den_BOW_j,Linguistics]","beta[den_BOW_j,Materials Science]","beta[den_BOW_j,Mathematics]","beta[den_BOW_j,Medicine]","beta[den_BOW_j,Philosophy]","beta[den_BOW_j,Physics]",beta[den_GPT2],"beta[den_GPT2_j,Economics]","beta[den_GPT2_j,Education]","beta[den_GPT2_j,Geology]","beta[den_GPT2_j,Linguistics]","beta[den_GPT2_j,Materials Science]","beta[den_GPT2_j,Mathematics]","beta[den_GPT2_j,Medicine]","beta[den_GPT2_j,Philosophy]","beta[den_GPT2_j,Physics]",beta[den_SBERT],"beta[den_SBERT_j,Economics]","beta[den_SBERT_j,Education]","beta[den_SBERT_j,Geology]","beta[den_SBERT_j,Linguistics]","beta[den_SBERT_j,Materials Science]","beta[den_SBERT_j,Mathematics]","beta[den_SBERT_j,Medicine]","beta[den_SBERT_j,Philosophy]","beta[den_SBERT_j,Physics]",beta[den_SciBERT],"beta[den_SciBERT_j,Economics]","beta[den_SciBERT_j,Education]","beta[den_SciBERT_j,Geology]","beta[den_SciBERT_j,Linguistics]","beta[den_SciBERT_j,Materials Science]","beta[den_SciBERT_j,Mathematics]","beta[den_SciBERT_j,Medicine]","beta[den_SciBERT_j,Philosophy]","beta[den_SciBERT_j,Physics]",beta[den_Word2Vec],"beta[den_Word2Vec_j,Economics]","beta[den_Word2Vec_j,Education]","beta[den_Word2Vec_j,Geology]","beta[den_Word2Vec_j,Linguistics]","beta[den_Word2Vec_j,Materials Science]","beta[den_Word2Vec_j,Mathematics]","beta[den_Word2Vec_j,Medicine]","beta[den_Word2Vec_j,Philosophy]","beta[den_Word2Vec_j,Physics]",beta[references],"beta[references_j,Economics]","beta[references_j,Education]","beta[references_j,Geology]","beta[references_j,Linguistics]","beta[references_j,Materials Science]","beta[references_j,Mathematics]","beta[references_j,Medicine]","beta[references_j,Philosophy]","beta[references_j,Physics]",beta[year],"beta[year_j,Economics]","beta[year_j,Education]","beta[year_j,Geology]","beta[year_j,Linguistics]","beta[year_j,Materials Science]","beta[year_j,Mathematics]","beta[year_j,Medicine]","beta[year_j,Philosophy]","beta[year_j,Physics]",log_ppd,mu_beta[den_BOW_j],mu_beta[den_GPT2_j],mu_beta[den_SBERT_j],mu_beta[den_SciBERT_j],mu_beta[den_Word2Vec_j],mu_beta[references_j],mu_beta[year_j],sigma,sigma_beta[den_BOW_j],sigma_beta[den_GPT2_j],sigma_beta[den_SBERT_j],sigma_beta[den_SciBERT_j],sigma_beta[den_Word2Vec_j],sigma_beta[references_j],sigma_beta[year_j],y_col,rmse,$R^2$,1-MAE,1-RMSE,1-MAPE,1-MedAE,1-MPinL,$D^2_{pin}$,$D^2_{abs}$,$R^2$_descaled,1-MAE_descaled,1-RMSE_descaled,1-MAPE_descaled,1-MedAE_descaled,1-MPinL_descaled,$D^2_{pin}$_descaled,$D^2_{abs}$_descaled
base,-0.000262164,,,,,,,,,,,,,,,,,,,,,,,,,,,,,,,,,,,,,,,,,,,,,,,,,,,,,,,,,,,,,,,,,,,,,,,-48413.58371663595,,,,,,,,1.002,,,,,,,,log_cpy,0.9940224186067398,-6.267480092470024e-06,0.21828988041174224,0.009129418131479272,-0.0003141360001135407,0.3527007414072554,0.6091449402058711,-7.77677367833629e-05,-7.77677367833629e-05,-4.7023643201526966e-07,0.4679698201169098,0.3279059932431879,-71119840497260.05,0.5620491426880012,0.7339849100584549,-0.0016418201319645664,-0.0016418201319645664
den_BOW,-0.016412700000000002,0.08385645,,,,,,,,,,,,,,,,,,,,,,,,,,,,,,,,,,,,,,,,,,,,,,,,,,,,,,,,,,,,,,,,,,,,,,-33693.05108222271,,,,,,,,0.999889,,,,,,,,log_cpy,0.9914337584976327,-0.009738244620270509,0.21416555522118497,0.004319557381192607,-0.20346544292080604,0.3450051145789004,0.6070827776105925,-0.005354206952084217,-0.005354206952084217,0.005201204387845659,0.469018355834356,0.3296562786615993,-69467489455740.57,0.5557723611475581,0.734509177917178,0.0003322355968420343,0.0003322355968420343
den_GPT2,-0.0145674,,,,,,,,,,,0.1349705,,,,,,,,,,,,,,,,,,,,,,,,,,,,,,,,,,,,,,,,,,,,,,,,,,,,,,,,,,,,-33888.527928895484,,,,,,,,0.998131,,,,,,,,log_cpy,0.9877113725830508,-0.0028759547851249234,0.21769322585180273,0.007708701194092393,-0.36279408714313877,0.35179686817599354,0.6088466129259014,-0.0008410954019395511,-0.0008410954019395511,0.012657221292310616,0.47156363336486873,0.33217311652883086,-69151000241708.664,0.5621656531365624,0.7357818166824344,0.0051241750672005315,0.0051241750672005315
den_SBERT,0.0001759785,,,,,,,,,,,,,,,,,,,,,0.0726482,,,,,,,,,,,,,,,,,,,,,,,,,,,,,,,,,,,,,,,,,,,,,,,,,,-33968.33207778652,,,,,,,,1.00322,,,,,,,,log_cpy,0.9928053499201852,-0.0030030475634612586,0.2181773898879097,0.0076458274846311625,-0.07684770840499322,0.3522625989072554,0.6090886949439549,-0.00022168204612493803,-0.00022168204612493803,0.0024468069151994953,0.46955514038749824,0.3287288967861395,-70922799128168.56,0.5601679264823008,0.7347775701937491,0.0013428283736394153,0.0013428283736394153
den_SciBERT,-0.01181565,,,,,,,,,,,,,,,,,,,,,,,,,,,,,,,0.034066700000000005,,,,,,,,,,,,,,,,,,,,,,,,,,,,,,,,,,,,,,,,-33261.83144592161,,,,,,,,1.00303,,,,,,,,log_cpy,0.9935084620309441,0.0010263012623995538,0.21882333234545914,0.009641118045206287,-0.05472159104432128,0.35268618959499454,0.6094116661727296,0.0006047018970337659,0.0006047018970337659,0.0010333574476817375,0.46816357533150943,0.3282534976131696,-70084864913965.86,0.556313691792349,0.7340817876657547,-0.0012770413409299852,-0.0012770413409299852
den_Word2Vec,-0.01522685,,,,,,,,,,,,,,,,,,,,,,,,,,,,,,,,,,,,,,,,,0.0486414,,,,,,,,,,,,,,,,,,,,,,,,,,,,,,-33666.20091337273,,,,,,,,1.001705,,,,,,,,log_cpy,0.9928049531551807,-0.00034124869927643076,0.2182486907011557,0.00896347154984578,-0.08928514537155374,0.347364371077996,0.6091243453505779,-0.0001304636310603957,-0.0001304636310603957,0.0024476042399078635,0.4683425855698542,0.3287291650531088,-69830596438087.55,0.5548962731831626,0.7341712927849271,-0.0009400226007576507,-0.0009400226007576507
nonsems,-0.00014098799999999999,,,,,,,,,,,,,,,,,,,,,,,,,,,,,,,,,,,,,,,,,,,,,,,,,,,0.1244225,,,,,,,,,,0.124347,,,,,,,,,,-47617.25009273906,,,,,,,,0.9838975000000001,,,,,,,,log_cpy,0.9717518963776718,0.03004751622166335,0.23287062619200394,0.024132614802485852,-0.5556823661393835,0.36542552844891074,0.616435313096002,0.018576052044316893,0.018576052044316893,0.04430648463416764,0.48068381437952945,0.34296388754951623,-77241901553038.48,0.5716660953068434,0.7403419071897648,0.022294544450127574,0.022294544450127574
den_BOW.nonsems,-0.01346895,0.06591185,,,,,,,,,,,,,,,,,,,,,,,,,,,,,,,,,,,,,,,,,,,,,,,,,,0.157317,,,,,,,,,,0.128759,,,,,,,,,,-33112.20094036383,,,,,,,,0.9791704999999999,,,,,,,,log_cpy,0.9693215990707936,0.02098712552189419,0.22992951824993568,0.019585388012705707,-0.6805624234847738,0.3634312346761155,0.6149647591249678,0.014813357163347751,0.014813357163347751,0.049080779419630516,0.48261060968457614,0.34460709822969315,-75833652907707.8,0.5733141692375356,0.7413053048422881,0.02592208068649815,0.02592208068649815
den_GPT2.nonsems,-0.01310185,,,,,,,,,,,0.1204315,,,,,,,,,,,,,,,,,,,,,,,,,,,,,,,,,,,,,,,,0.110381,,,,,,,,,,0.1103485,,,,,,,,,,-33400.82783226627,,,,,,,,0.9832935,,,,,,,,log_cpy,0.9677258710133362,0.025711322987317375,0.23084992101584023,0.021953729311858017,-0.6987758746238464,0.36175086358621644,0.6154249605079201,0.0159908708227966,0.0159908708227966,0.052209069306183964,0.482710128554966,0.34568602687733285,-74779231544913.84,0.5722072404830143,0.741355064277483,0.026109442731442112,0.026109442731442112
den_SBERT.nonsems,-0.00033804500000000003,,,,,,,,,,,,,,,,,,,,,0.0558352,,,,,,,,,,,,,,,,,,,,,,,,,,,,,,0.106275,,,,,,,,,,0.113284,,,,,,,,,,-33447.00030020592,,,,,,,,0.9884985,,,,,,,,log_cpy,0.972027643369625,0.026990183742889085,0.231804960227615,0.022595836594823338,-0.5184634403000741,0.36319733432040857,0.6159024801138075,0.017212696483075662,0.017212696483075662,0.04376402723734063,0.48084354916886785,0.3427774451743705,-76563505645748.69,0.5718731797722613,0.7404217745844339,0.022595273715460773,0.022595273715460773
den_SciBERT.nonsems,-0.00961911,,,,,,,,,,,,,,,,,,,,,,,,,,,,,,,0.019102,,,,,,,,,,,,,,,,,,,,0.15782449999999998,,,,,,,,,,0.13203150000000002,,,,,,,,,,-32671.691718096547,,,,,,,,0.981646,,,,,,,,log_cpy,0.970741841524621,0.029702955088000582,0.23381186592694303,0.023959299036051984,-0.6477283027084748,0.36843278628430176,0.6169059329634715,0.019780223398167207,0.019780223398167207,0.046292179132947586,0.48173798450134697,0.3436468216569607,-76518475406379.69,0.5725997778245757,0.7408689922506735,0.02427920795131855,0.02427920795131855
den_Word2Vec.nonsems,-0.012138699999999999,,,,,,,,,,,,,,,,,,,,,,,,,,,,,,,,,,,,,,,,,0.003337655,,,,,,,,,,0.16119250000000002,,,,,,,,,,0.1329665,,,,,,,,,,-33085.13932553603,,,,,,,,0.980739,,,,,,,,log_cpy,0.9708970033657508,0.02893475785128874,0.23352651169314653,0.02357300319655231,-0.6495442929721771,0.3679624719668716,0.6167632558465732,0.019415156581199522,0.019415156581199522,0.045987276466914584,0.4815633261441892,0.3435419112026805,-76291051301313.64,0.5722550573740928,0.7407816630720946,0.023950382404611337,0.023950382404611337
sems.nonsems,-0.015467249999999998,0.0544343,,,,,,,,,,0.1128695,,,,,,,,,,0.1509995,,,,,,,,,,-0.0427157,,,,,,,,,,-0.06474805,,,,,,,,,,0.14191900000000002,,,,,,,,,,0.1199645,,,,,,,,,,-18690.908548837764,,,,,,,,0.981428,,,,,,,,log_cpy,0.9715335018375382,-0.0007080265417442888,0.22562836490889326,0.008781805079718819,-0.8608577278901244,0.3576123384673312,0.6128141824544466,0.009310693549028692,0.009310693549028692,0.04473600742199313,0.4845352907129442,0.34311155188664244,-74080228376535.98,0.5753233567985847,0.742267645356472,0.029545636419467503,0.029545636419467503
h-nonsems,-0.00756134,,,,,,,,,,,,,,,,,,,,,,,,,,,,,,,,,,,,,,,,,,,,,,,,,,,,0.11605850000000001,-0.041231699999999996,0.255242,0.1007135,0.3205845,0.144774,0.008306495,0.0939393,0.23365550000000002,,0.14006600000000002,-0.03397215,0.0872832,0.0669401,0.00035349350000000003,0.159579,0.117033,0.13397199999999998,0.175018,-19174.599466365198,,,,,,0.1375965,0.09406095,0.9754635,,,,,,0.13186150000000002,0.0824618,log_cpy_j,0.9684563311185804,0.044723844193522155,0.2413727032413634,0.03154366888141957,-0.5689838473223177,0.3748708554635962,0.6206863516206818,0.029453150886440294,0.029453150886440294,0.16280309278161542,0.5204251308784219,0.38504444597226406,-62967994433708.27,0.6091925642044537,0.7602125654392109,0.09711466950607517,0.09711466950607517
h-den_BOW_j,-0.012523900000000001,,-0.04487655,-0.06081995,-0.0638621,-0.13221,0.03368485,0.0139547,-0.0302663,-0.07524295,0.027595550000000003,,,,,,,,,,,,,,,,,,,,,,,,,,,,,,,,,,,,,,,,,,,,,,,,,,,,,,,,,,,,,-33605.0531678645,-0.03712155,,,,,,,0.997849,0.0621361,,,,,,,log_cpy_j,0.9897691997227513,0.0022155704782585994,0.21927030120257474,0.010230800277248653,-0.10542386962281891,0.3511605792160464,0.6096351506012874,0.0011765297468605551,0.0011765297468605551,0.1287807613691171,0.5073222786977507,0.3726734777117051,-58234461284376.586,0.5945771213155262,0.7536611393488754,0.07244621045352373,0.07244621045352373
h-den_GPT2_j,-0.007504314999999999,,,,,,,,,,,,0.07850715,0.1079275,0.06347575,0.0794076,0.02499235,0.0230608,0.0954405,0.024226150000000002,0.01093765,,,,,,,,,,,,,,,,,,,,,,,,,,,,,,,,,,,,,,,,,,,,,,,,,,,-33915.28353606455,,0.0566148,,,,,,0.9992515,,0.0419267,,,,,,log_cpy_j,0.9893446463359262,0.0030713698027532432,0.21967559081202492,0.010655353664073774,-0.14840936151837014,0.35275641180738726,0.6098377954060125,0.0016950354150734315,0.0016950354150734315,0.12980038167845886,0.5076092036734505,0.37304067697169574,-59010834771654.67,0.5964464016945038,0.7538046018367253,0.07298639795748152,0.07298639795748152
h-den_SBERT_j,0.005822025,,,,,,,,,,,,,,,,,,,,,,0.009419135,0.036905999999999994,0.126628,0.007446095,0.07536055,0.0289201,-0.06695545,0.0028694849999999997,0.0510047,,,,,,,,,,,,,,,,,,,,,,,,,,,,,,,,,,,,,,,,,-33884.04699687196,,,0.0302464,,,,,1.002,,,0.060800850000000004,,,,,log_cpy_j,0.9902628316803507,0.0012200634363351837,0.21933862777076718,0.009737168319649325,-0.11487932517035526,0.3531443254822393,0.6096693138853836,0.0012639430732109824,0.0012639430732109824,0.1275056475497095,0.5072424750263012,0.37221456897270233,-59983461350938.17,0.5947777358832458,0.7536212375131506,0.07229596579119746,0.07229596579119746
h-den_SciBERT_j,-0.01299615,,,,,,,,,,,,,,,,,,,,,,,,,,,,,,,,0.0502101,0.044013449999999996,0.05350715,0.039788500000000004,0.05604415,0.0046081149999999994,0.19814,-0.0125672,0.1032595,,,,,,,,,,,,,,,,,,,,,,,,,,,,,,,-33141.627062658066,,,,0.059525549999999997,,,,0.996357,,,,0.07018605,,,,log_cpy_j,0.9879640408938015,0.005851805833835155,0.22111135146330185,0.01203595910619848,-0.12977882348585545,0.35447956078383713,0.6105556757316509,0.003531870158737238,0.003531870158737238,0.13168854802903884,0.5084476516361219,0.37372123711345706,-58323264397286.0,0.5950472148752337,0.7542238258180609,0.07456492597181463,0.07456492597181463
h-den_Word2Vec_j,-0.0113058,,,,,,,,,,,,,,,,,,,,,,,,,,,,,,,,,,,,,,,,,,-0.02214085,-0.026472250000000003,0.09934395,0.054305,0.04620875,0.027229049999999998,0.017326300000000003,-0.09224095,0.08411085,,,,,,,,,,,,,,,,,,,,,-33514.43117987309,,,,,0.020879750000000002,,,0.9973305,,,,,0.06858634999999999,,,log_cpy_j,0.9900200288439563,0.001709785687118437,0.21890803855204777,0.009979971156043654,-0.07926399463869238,0.3512745088397847,0.6094540192760238,0.000713070449360087,0.000713070449360087,0.12785046235606323,0.5070081624436745,0.37233863344542406,-58314954574855.95,0.5936159740038891,0.7535040812218372,0.07185483051238006,0.07185483051238006
h-den_BOW_j.h-nonsems,-0.0093327,,-0.062018550000000006,-0.0551997,-0.09668840000000001,-0.13252,-0.013907800000000001,-0.0113832,-0.05521255,-0.08499935,0.013621649999999999,,,,,,,,,,,,,,,,,,,,,,,,,,,,,,,,,,,,,,,,,,0.1367835,-0.05142115,0.276478,0.11960950000000001,0.30949550000000003,0.1513535,0.0513629,0.09388085,0.247108,,0.150302,-0.02866105,0.100909,0.07783215,0.004411865,0.1731665,0.133491,0.140892,0.1633,-34169.85723773861,-0.054788500000000004,,,,,0.147148,0.1020885,0.972745,0.05271465,,,,,0.12867800000000001,0.08074385,log_cpy_j,0.9666521911930887,0.04827970207925081,0.24340700014369943,0.03334780880691135,-0.6282791556876566,0.37791738617789006,0.6217035000718497,0.03205572062939521,0.03205572062939521,0.16624724172993088,0.5217855572542198,0.3863106841236831,-63054991524674.18,0.6124253211361381,0.7608927786271099,0.09967591509464169,0.09967591509464169
h-den_GPT2_j.h-nonsems,-0.00463212,,,,,,,,,,,,0.08555265000000001,0.107492,0.06833644999999999,0.0749399,0.019354049999999998,0.007583355,0.09151609999999999,-0.00800313,-0.019591900000000002,,,,,,,,,,,,,,,,,,,,,,,,,,,,,,,,0.141375,-0.0468074,0.263215,0.1212075,0.30771800000000005,0.1508505,0.01429275,0.08754890000000001,0.272683,,0.14052399999999998,-0.053877049999999996,0.09034400000000001,0.056215299999999996,-8.637795e-05,0.1708605,0.05555905,0.13735,0.129723,-34477.27978899905,,0.0476128,,,,0.144658,0.08130465,0.975252,,0.054679500000000006,,,,0.134577,0.0830387,log_cpy_j,0.9668659421681941,0.04785875722355515,0.2432311021855088,0.033134057831805896,-0.5629734783332805,0.3772954318296551,0.6216155510927543,0.03183068626823149,0.03183068626823149,0.16635565725144363,0.5217064044026053,0.3863505854071254,-62862256404064.01,0.611348622567673,0.7608532022013026,0.0995268957168739,0.0995268957168739
h-den_SBERT_j.h-nonsems,0.00457357,,,,,,,,,,,,,,,,,,,,,,-0.0146882,0.052916450000000004,0.07672955000000001,-0.000393455,0.025099299999999998,0.006597260000000001,-0.08452604999999999,-0.00400847,-0.025039350000000002,,,,,,,,,,,,,,,,,,,,,,0.118504,-0.06435845,0.235236,0.1176685,0.308449,0.14818350000000002,0.009161695000000001,0.060010499999999994,0.2759305,,0.1233875,-0.05501765,0.0991528,0.0682676,-0.005816305,0.1691225,0.08306545,0.139784,0.131023,-34429.697857548905,,,0.004323095,,,0.1335,0.08397204999999999,0.978851,,,0.053474999999999995,,,0.1390315,0.08225725,log_cpy_j,0.968392806963215,0.04484915933430589,0.2420313266628885,0.03160719303678505,-0.565191633858046,0.37704329485739363,0.6210156633314443,0.0302957581709985,0.0302957581709985,0.16321819430910167,0.5208433447020503,0.3851969194450643,-63643149423658.06,0.6105755746115945,0.7604216723510251,0.09790203171097023,0.09790203171097023
h-den_SciBERT_j.h-nonsems,-0.00922945,,,,,,,,,,,,,,,,,,,,,,,,,,,,,,,,0.044571849999999996,0.058938199999999996,0.02272665,0.0313875,0.0628465,0.004673275,0.1825995,-0.0392583,0.0515829,,,,,,,,,,,,0.1381925,-0.05075965,0.2541105,0.1174835,0.3137295,0.1507365,0.0714752,0.07880385000000001,0.2453685,,0.13859149999999998,-0.0559231,0.0971603,0.07709765,-0.020370649999999997,0.1719135,0.06460945,0.151758,0.153297,-33632.69070802465,,,,0.04540685,,0.145747,0.08583205,0.972766,,,,0.06781015,,0.126178,0.0901972,log_cpy_j,0.9654211212776513,0.05070226559488544,0.24447222883764097,0.03457887872234866,-0.5662835096276644,0.37881602119951496,0.6222361144188204,0.03341851677040886,0.03341851677040886,0.1683764260722055,0.5224547476524825,0.3870947852561566,-62692470727528.32,0.6125444056136313,0.7612273738262412,0.10093578551905602,0.10093578551905602
h-den_Word2Vec_j.h-nonsems,-0.008156425,,,,,,,,,,,,,,,,,,,,,,,,,,,,,,,,,,,,,,,,,,-0.051417149999999995,-0.01923985,0.03681255,0.018430799999999997,-0.02166,-0.004075715,-0.0264692,-0.12315699999999999,-0.00136147,,0.1384935,-0.0489516,0.258189,0.114079,0.309852,0.151554,0.051658499999999996,0.0986522,0.2480325,,0.15228350000000002,-0.033729,0.09437985,0.07927275,0.01189395,0.1714375,0.131167,0.15510000000000002,0.16348849999999998,-34061.636798127736,,,,,-0.02150315,0.1471095,0.1020875,0.9734455,,,,,0.05299455,0.126776,0.08239805,log_cpy_j,0.9681249495428044,0.04537747564394767,0.24217186318470985,0.03187505045719563,-0.5910989380928313,0.37546024976100023,0.6210859315923549,0.030475553017587753,0.030475553017587753,0.16353015892370715,0.5209604849453815,0.3853115339624227,-63279400541807.14,0.6106468150338421,0.7604802424726907,0.09812256913718687,0.09812256913718687
h-BOW-SciBERT.h-nonsems,-0.007755659999999999,,,,,,,,,,,,,,,,,,,,,,,,,,,,,,,,,,,,,,,,,,,,,,,,,,,,0.115535,-0.04094705,0.2549625,0.1011655,0.320549,0.14422849999999998,0.00849775,0.09409334999999999,0.2329755,,0.139648,-0.034423850000000006,0.0882674,0.0672614,0.000490099,0.159462,0.1170815,0.134421,0.1747935,-19179.956259951166,,,,,,0.13722499999999999,0.0941746,0.9755265,,,,,,0.13137949999999998,0.0810766,log_cpy_j,0.9684529957746382,0.044730424085563825,0.2413584042293282,0.03154700422536183,-0.5694442837680369,0.37485308050567,0.6206792021146641,0.029434857501618117,0.029434857501618117,0.16280062170940435,0.5204159030059072,0.3850435384208588,-62954915069766.12,0.6092774485554846,0.7602079515029536,0.09709729638821263,0.09709729638821263
h-sems.h-nonsems,-0.008821164999999999,,-0.0392262,-0.047234,-0.114007,-0.1626195,-0.0056707500000000004,-0.03807375,-0.07474025000000001,-0.0167262,0.011996699999999999,,0.0649682,0.07364180000000001,0.057859549999999996,0.02935475,0.0015614449999999998,-0.005104425,0.0509762,-0.0003804365,-0.0377408,,-0.0091372,0.0939783,0.04015485,-0.01999045,0.0140368,-0.00892373,-0.06250955,0.058266200000000004,-0.019979499999999997,,0.017405,0.01793215,-0.03526685,0.0144689,0.0627746,-0.009044545000000001,0.218504,-0.0191761,0.0879596,,-0.03353925,-0.0369467,0.0618429,0.07668425000000001,-0.0567207,0.00826911,-0.0622292,-0.119458,-0.033204849999999994,,0.1215615,-0.0320818,0.253341,0.10448,0.3351845,0.145192,0.03303035,0.0991471,0.23601149999999999,,0.147343,-0.05139515,0.0802712,0.03395715,-0.006515585,0.164465,0.0902708,0.157635,0.1765225,-19326.526650785854,-0.05416345,0.0256684,0.009414495,0.04056945,-0.0221641,0.144451,0.0883111,0.9668384999999999,0.0649154,0.045576900000000004,0.06156845,0.08931059999999999,0.07231645,0.1298225,0.09383385,log_cpy_j,0.9633679161525567,0.05473580144265067,0.24627039164080666,0.03663208384744332,-0.6292660538435149,0.38021130368212497,0.6231351958204033,0.03571898928209194,0.03571898928209194,0.17211797873718304,0.5236570117182922,0.38847509864565566,-62296318392524.63,0.613685187528137,0.7618285058591461,0.10319926231546905,0.10319926231546905
