,alpha,"beta2[Economics,BOW_j]","beta2[Economics,GPT2_j]","beta2[Economics,SBERT_j]","beta2[Economics,SciBERT_j]","beta2[Economics,Word2Vec_j]","beta2[Education,BOW_j]","beta2[Education,GPT2_j]","beta2[Education,SBERT_j]","beta2[Education,SciBERT_j]","beta2[Education,Word2Vec_j]","beta2[Geology,BOW_j]","beta2[Geology,GPT2_j]","beta2[Geology,SBERT_j]","beta2[Geology,SciBERT_j]","beta2[Geology,Word2Vec_j]","beta2[Linguistics,BOW_j]","beta2[Linguistics,GPT2_j]","beta2[Linguistics,SBERT_j]","beta2[Linguistics,SciBERT_j]","beta2[Linguistics,Word2Vec_j]","beta2[Materials Science,BOW_j]","beta2[Materials Science,GPT2_j]","beta2[Materials Science,SBERT_j]","beta2[Materials Science,SciBERT_j]","beta2[Materials Science,Word2Vec_j]","beta2[Mathematics,BOW_j]","beta2[Mathematics,GPT2_j]","beta2[Mathematics,SBERT_j]","beta2[Mathematics,SciBERT_j]","beta2[Mathematics,Word2Vec_j]","beta2[Medicine,BOW_j]","beta2[Medicine,GPT2_j]","beta2[Medicine,SBERT_j]","beta2[Medicine,SciBERT_j]","beta2[Medicine,Word2Vec_j]","beta2[Philosophy,BOW_j]","beta2[Philosophy,GPT2_j]","beta2[Philosophy,SBERT_j]","beta2[Philosophy,SciBERT_j]","beta2[Philosophy,Word2Vec_j]","beta2[Physics,BOW_j]","beta2[Physics,GPT2_j]","beta2[Physics,SBERT_j]","beta2[Physics,SciBERT_j]","beta2[Physics,Word2Vec_j]",beta[BOW],"beta[BOW_j,Economics]","beta[BOW_j,Education]","beta[BOW_j,Geology]","beta[BOW_j,Linguistics]","beta[BOW_j,Materials Science]","beta[BOW_j,Mathematics]","beta[BOW_j,Medicine]","beta[BOW_j,Philosophy]","beta[BOW_j,Physics]",beta[GPT2],"beta[GPT2_j,Economics]","beta[GPT2_j,Education]","beta[GPT2_j,Geology]","beta[GPT2_j,Linguistics]","beta[GPT2_j,Materials Science]","beta[GPT2_j,Mathematics]","beta[GPT2_j,Medicine]","beta[GPT2_j,Philosophy]","beta[GPT2_j,Physics]",beta[SBERT],"beta[SBERT_j,Economics]","beta[SBERT_j,Education]","beta[SBERT_j,Geology]","beta[SBERT_j,Linguistics]","beta[SBERT_j,Materials Science]","beta[SBERT_j,Mathematics]","beta[SBERT_j,Medicine]","beta[SBERT_j,Philosophy]","beta[SBERT_j,Physics]",beta[SciBERT],"beta[SciBERT_j,Economics]","beta[SciBERT_j,Education]","beta[SciBERT_j,Geology]","beta[SciBERT_j,Linguistics]","beta[SciBERT_j,Materials Science]","beta[SciBERT_j,Mathematics]","beta[SciBERT_j,Medicine]","beta[SciBERT_j,Philosophy]","beta[SciBERT_j,Physics]",beta[Word2Vec],"beta[Word2Vec_j,Economics]","beta[Word2Vec_j,Education]","beta[Word2Vec_j,Geology]","beta[Word2Vec_j,Linguistics]","beta[Word2Vec_j,Materials Science]","beta[Word2Vec_j,Mathematics]","beta[Word2Vec_j,Medicine]","beta[Word2Vec_j,Philosophy]","beta[Word2Vec_j,Physics]",beta[references],"beta[references_j,Economics]","beta[references_j,Education]","beta[references_j,Geology]","beta[references_j,Linguistics]","beta[references_j,Materials Science]","beta[references_j,Mathematics]","beta[references_j,Medicine]","beta[references_j,Philosophy]","beta[references_j,Physics]",beta[year],"beta[year_j,Economics]","beta[year_j,Education]","beta[year_j,Geology]","beta[year_j,Linguistics]","beta[year_j,Materials Science]","beta[year_j,Mathematics]","beta[year_j,Medicine]","beta[year_j,Philosophy]","beta[year_j,Physics]",log_ppd,mu_beta2[BOW_j],mu_beta2[GPT2_j],mu_beta2[SBERT_j],mu_beta2[SciBERT_j],mu_beta2[Word2Vec_j],mu_beta[BOW_j],mu_beta[GPT2_j],mu_beta[SBERT_j],mu_beta[SciBERT_j],mu_beta[Word2Vec_j],mu_beta[references_j],mu_beta[year_j],mu_inner_beta,rmse,sigma,sigma_beta2[BOW_j],sigma_beta2[GPT2_j],sigma_beta2[SBERT_j],sigma_beta2[SciBERT_j],sigma_beta2[Word2Vec_j],sigma_beta[BOW_j],sigma_beta[GPT2_j],sigma_beta[SBERT_j],sigma_beta[SciBERT_j],sigma_beta[Word2Vec_j],sigma_beta[references_j],sigma_beta[year_j],sigma_inner_beta,y_col,$R^2$,1-MAE,1-RMSE,1-MAPE,1-MedAE,1-MPinL,$D^2_{pin}$,$D^2_{abs}$,$R^2$_descaled,1-MAE_descaled,1-RMSE_descaled,1-MAPE_descaled,1-MedAE_descaled,1-MPinL_descaled,$D^2_{pin}$_descaled,$D^2_{abs}$_descaled
base,-0.00169439,,,,,,,,,,,,,,,,,,,,,,,,,,,,,,,,,,,,,,,,,,,,,,,,,,,,,,,,,,,,,,,,,,,,,,,,,,,,,,,,,,,,,,,,,,,,,,,,,,,,,,,,,,,,,,,,,,,,-48420.582465644075,,,,,,,,,,,,,,0.9942342933413945,1.00188,,,,,,,,,,,,,,log_cpy,-2.413273586232556e-05,0.21529916720511344,0.0053505815578756,-0.00279454323483197,0.3541329674072554,0.6076495836025567,-6.5156379939868e-05,-6.5156379939868e-05,-4.8176222809726e-05,0.46842939104401093,0.32776273717906,-74373202905142.95,0.5572273940969513,0.7342146955220055,-0.0015516454599679985,-0.0015516454599679985
BOW,-0.018405400000000002,,,,,,,,,,,,,,,,,,,,,,,,,,,,,,,,,,,,,,,,,,,,,,0.08610315,,,,,,,,,,,,,,,,,,,,,,,,,,,,,,,,,,,,,,,,,,,,,,,,,,,,,,,,,,,,,,,,,,,,,,-33627.618571245075,,,,,,,,,,,,,,0.9921808065478128,0.9999690000000001,,,,,,,,,,,,,,log_cpy,-0.010911289136680713,0.21028962413925767,-4.908306063611256e-05,-0.20767497226849763,0.34494262567703315,0.6051448120696288,-0.006449588841548559,-0.006449588841548559,0.0040785472335270745,0.469218607769905,0.3291511728331118,-72643885889428.69,0.5550150967506342,0.7346093038849525,-6.465333300265108e-05,-6.465333300265108e-05
GPT2,-0.016246200000000002,,,,,,,,,,,,,,,,,,,,,,,,,,,,,,,,,,,,,,,,,,,,,,,,,,,,,,,,0.1329975,,,,,,,,,,,,,,,,,,,,,,,,,,,,,,,,,,,,,,,,,,,,,,,,,,,,,,,,,,,,-33686.37857320875,,,,,,,,,,,,,,0.9874230425396081,0.999552,,,,,,,,,,,,,,log_cpy,-0.0011274516941424118,0.21504943077336214,0.004802038278460485,-0.32390947021671446,0.3495822310984129,0.6075247153866811,-0.00038343398744999924,-0.00038343398744999924,0.013607049260004223,0.47214507909706527,0.3323680667538341,-71927461591896.75,0.5612066058782371,0.7360725395485326,0.005449218434410041,0.005449218434410041
SBERT,-0.00259623,,,,,,,,,,,,,,,,,,,,,,,,,,,,,,,,,,,,,,,,,,,,,,,,,,,,,,,,,,,,,,,,,,0.07899010000000001,,,,,,,,,,,,,,,,,,,,,,,,,,,,,,,,,,,,,,,,,,,,,,,,,,-33877.43313155261,,,,,,,,,,,,,,0.9935937232309104,1.00414,,,,,,,,,,,,,,log_cpy,-0.004595311967765747,0.21479867413764042,0.003079867975119166,-0.10027022971732658,0.35239387602539274,0.6073993370688202,-0.0007030117980444395,-0.0007030117980444395,0.0012400404686994104,0.4699120746989355,0.32819584947522673,-73914567634703.02,0.5581076127004911,0.7349560373494677,0.0012419330962332165,0.0012419330962332165
SciBERT,-0.0135771,,,,,,,,,,,,,,,,,,,,,,,,,,,,,,,,,,,,,,,,,,,,,,,,,,,,,,,,,,,,,,,,,,,,,,,,,,,,0.037737,,,,,,,,,,,,,,,,,,,,,,,,,,,,,,,,,,,,,,,,-33189.962662619735,,,,,,,,,,,,,,0.9940734657561523,1.00306,,,,,,,,,,,,,,log_cpy,0.0005737675711604551,0.21549909149278845,0.0056479694361479815,-0.0650127090992223,0.352546086703751,0.6077495457463942,0.00018963793868698176,0.00018963793868698176,0.0002753336903027481,0.46842640454957596,0.3278714784449904,-73307099904414.75,0.5532621188830986,0.734213202274788,-0.0015572724234702573,-0.0015572724234702573
Word2Vec,-0.017419,,,,,,,,,,,,,,,,,,,,,,,,,,,,,,,,,,,,,,,,,,,,,,,,,,,,,,,,,,,,,,,,,,,,,,,,,,,,,,,,,,,,,,0.05389365,,,,,,,,,,,,,,,,,,,,,,,,,,,,,,-33587.46493826674,,,,,,,,,,,,,,0.9936807372730793,1.0017,,,,,,,,,,,,,,log_cpy,-0.0016390926364195924,0.21469761934240728,0.004547765467269316,-0.11367836679803767,0.34985647119568697,0.6073488096712036,-0.000831801491357087,-0.000831801491357087,0.0010650998574434078,0.46870380574999526,0.3281370161781594,-72968218652522.14,0.5552921089899272,0.7343519028749976,-0.0010346106659322452,-0.0010346106659322452
nondens,-0.0016377750000000002,,,,,,,,,,,,,,,,,,,,,,,,,,,,,,,,,,,,,,,,,,,,,,,,,,,,,,,,,,,,,,,,,,,,,,,,,,,,,,,,,,,,,,,,,,,,,,,,0.127011,,,,,,,,,,0.125694,,,,,,,,,,-47694.80052264276,,,,,,,,,,,,,,0.973758094487435,0.9832035,,,,,,,,,,,,,,log_cpy,0.027000027612180566,0.22952930055173426,0.018882083166838592,-0.5419326857121605,0.3669029861253684,0.6147646502758671,0.01807049473171851,0.01807049473171851,0.04071952253946165,0.4807961723919525,0.3416074254610366,-81404139597001.23,0.5723507796596826,0.7403980861959762,0.021749060033138035,0.021749060033138035
BOW.nondens,-0.01457265,,,,,,,,,,,,,,,,,,,,,,,,,,,,,,,,,,,,,,,,,,,,,,0.0667422,,,,,,,,,,,,,,,,,,,,,,,,,,,,,,,,,,,,,,,,,,,,,,,,,,0.1713445,,,,,,,,,,0.128829,,,,,,,,,,-33149.725734421045,,,,,,,,,,,,,,0.9721262019468324,0.9777985,,,,,,,,,,,,,,log_cpy,0.016007861985728233,0.2266292302312063,0.013355709661170057,-0.676031778702354,0.36295628896310506,0.6133146151156031,0.014374488359096493,0.014374488359096493,0.04393208821614136,0.4829996392213626,0.34271080620545435,-79810612734447.98,0.5748692604621602,0.7414998196106812,0.025900692556701466,0.025900692556701466
GPT2.nondens,-0.0145243,,,,,,,,,,,,,,,,,,,,,,,,,,,,,,,,,,,,,,,,,,,,,,,,,,,,,,,,0.117652,,,,,,,,,,,,,,,,,,,,,,,,,,,,,,,,,,,,,,,,0.11401649999999999,,,,,,,,,,0.1124165,,,,,,,,,,-33253.85359016331,,,,,,,,,,,,,,0.9688962167411521,0.984199,,,,,,,,,,,,,,log_cpy,0.024927088540626974,0.22768863514576976,0.017837522199883216,-0.63939002496663,0.36130717302267346,0.6138443175728849,0.0157246512457333,0.0157246512457333,0.05027479345469643,0.4829607027928866,0.3448947143930521,-78492723406224.02,0.573013364495792,0.7414803513964433,0.025827331006323395,0.025827331006323395
SBERT.nondens,-0.00295354,,,,,,,,,,,,,,,,,,,,,,,,,,,,,,,,,,,,,,,,,,,,,,,,,,,,,,,,,,,,,,,,,,0.06007545,,,,,,,,,,,,,,,,,,,,,,,,,,,,,,0.11406,,,,,,,,,,0.1146405,,,,,,,,,,-33454.52734659151,,,,,,,,,,,,,,0.9738998367100198,0.9883335,,,,,,,,,,,,,,log_cpy,0.023569853397761187,0.22822550288102583,0.017154208230436452,-0.524675029786233,0.36536887958793385,0.6141127514405129,0.016408864506603504,0.016408864506603504,0.04044023255193219,0.48109794083791957,0.34151158848943475,-80394664349724.11,0.5736918158266894,0.7405489704189598,0.02231763301011247,0.02231763301011247
SciBERT.nondens,-0.0108688,,,,,,,,,,,,,,,,,,,,,,,,,,,,,,,,,,,,,,,,,,,,,,,,,,,,,,,,,,,,,,,,,,,,,,,,,,,,0.022425050000000002,,,,,,,,,,,,,,,,,,,,0.169484,,,,,,,,,,0.13250800000000001,,,,,,,,,,-32705.16978879194,,,,,,,,,,,,,,0.9734100836972982,0.9802919999999999,,,,,,,,,,,,,,log_cpy,0.025190534026011124,0.23081397786909896,0.017970211636255784,-0.6430737214434454,0.36813118187519533,0.6154069889345495,0.019707756945028687,0.019707756945028687,0.04140507330076049,0.48226432568630695,0.34184272796725734,-80567921143872.03,0.5745035774031718,0.7411321628431535,0.02451526140502369,0.02451526140502369
Word2Vec.nondens,-0.013479600000000001,,,,,,,,,,,,,,,,,,,,,,,,,,,,,,,,,,,,,,,,,,,,,,,,,,,,,,,,,,,,,,,,,,,,,,,,,,,,,,,,,,,,,,0.005603365,,,,,,,,,,0.17548350000000001,,,,,,,,,,0.132774,,,,,,,,,,-33102.64665982519,,,,,,,,,,,,,,0.9735650475465976,0.9794305000000001,,,,,,,,,,,,,,log_cpy,0.024132783117677303,0.23072019803634902,0.017437563304120718,-0.6413187661254816,0.36785811831660586,0.6153600990181745,0.019588238857134788,0.019588238857134788,0.04109983836144271,0.4822472533430542,0.34173795138231466,-80226082099788.2,0.5749930218757893,0.7411236266715271,0.0244830947780722,0.0244830947780722
dens.nondens,-0.017831649999999998,,,,,,,,,,,,,,,,,,,,,,,,,,,,,,,,,,,,,,,,,,,,,,0.0552353,,,,,,,,,,0.10754,,,,,,,,,,0.13956,,,,,,,,,,-0.037978200000000004,,,,,,,,,,-0.05941685,,,,,,,,,,0.179866,,,,,,,,,,0.1185505,,,,,,,,,,-18580.17923395618,,,,,,,,,,,,,,0.973024933275709,0.980717,,,,,,,,,,,,,,log_cpy,-0.003111024123034989,0.2236125494997625,0.0038166141007828225,-0.8608505086630949,0.3624027789818216,0.6118062747498813,0.010529867375715707,0.010529867375715707,0.04216350020587034,0.4858894639887348,0.3421031419028029,-77012734644074.19,0.5802371577111718,0.7429447319943674,0.03134551719916445,0.03134551719916445
h-nondens,-0.00827848,,,,,,,,,,,,,,,,,,,,,,,,,,,,,,,,,,,,,,,,,,,,,,,,,,,,,,,,,,,,,,,,,,,,,,,,,,,,,,,,,,,,,,,,,,,,,,,,,0.21250950000000002,-0.02191895,0.259564,0.104325,0.306354,0.195592,0.0752285,0.07158075,0.2275345,,0.155372,-0.0256021,0.0734836,0.0677492,0.00252978,0.1396285,0.106508,0.1560415,0.165719,-19049.985262416925,,,,,,,,,,,0.158989,0.0941216,,0.9720092824546253,0.975507,,,,,,,,,,,0.1217585,0.0795274,,log_cpy_j,0.044982699175127205,0.23930341767377328,0.027990717545374744,-0.5632574104544579,0.3763584602128882,0.6196517088368867,0.03052715790781435,0.03052715790781435,0.15677613366514587,0.5197644643130157,0.382718066629843,-65823914890170.04,0.6084555706030853,0.7598822321565079,0.09517064549467835,0.09517064549467835
h-BOW_j,-0.013151449999999999,,,,,,,,,,,,,,,,,,,,,,,,,,,,,,,,,,,,,,,,,,,,,,,-0.0464449,-0.056721350000000004,-0.06332795,-0.1259315,0.0435826,0.01445865,-0.0273285,-0.07691134999999999,0.0107726,,,,,,,,,,,,,,,,,,,,,,,,,,,,,,,,,,,,,,,,,,,,,,,,,,,,,,,,,,,,,-33610.7752039301,,,,,,-0.03628805,,,,,,,,0.9933311822634459,0.99679,,,,,,0.0603978,,,,,,,,log_cpy_j,0.0026248295990454196,0.2166268235733062,0.0066688177365541446,-0.10329055788981312,0.35285149893159273,0.6083134117866531,0.0016268806588721763,0.0016268806588721763,0.12636220735670478,0.5064610754585167,0.37168442180965167,-60184417729660.24,0.5945423784902542,0.7532305377292583,0.0701052435086924,0.0701052435086924
h-GPT2_j,-0.008317950000000001,,,,,,,,,,,,,,,,,,,,,,,,,,,,,,,,,,,,,,,,,,,,,,,,,,,,,,,,,0.09025305,0.107305,0.04895835,0.07368125,0.01713315,0.011680349999999999,0.08805825,0.0272179,0.013130349999999999,,,,,,,,,,,,,,,,,,,,,,,,,,,,,,,,,,,,,,,,,,,,,,,,,,,-33794.21539441363,,,,,,,0.0528213,,,,,,,0.992947062588095,0.999503,,,,,,,0.0433859,,,,,,,log_cpy_j,0.003396047414795711,0.2168269969369202,0.007052937411905047,-0.10885570722807714,0.3523522811800849,0.6084134984684602,0.0018819924133387511,0.0018819924133387511,0.127093962966498,0.5066230340413513,0.3719476142730429,-61065165898611.016,0.5954448139709412,0.7533115170206757,0.07041039560401408,0.07041039560401408
h-SBERT_j,0.005157475,,,,,,,,,,,,,,,,,,,,,,,,,,,,,,,,,,,,,,,,,,,,,,,,,,,,,,,,,,,,,,,,,,,0.00894659,0.035455799999999996,0.111927,0.003639675,0.07905845,0.0330515,-0.061906699999999995,0.003238715,0.0543536,,,,,,,,,,,,,,,,,,,,,,,,,,,,,,,,,,,,,,,,,-33861.68231832842,,,,,,,,0.0297791,,,,,,0.9937763683981734,1.00207,,,,,,,,0.0568748,,,,,,log_cpy_j,0.0017306321678318692,0.21657770917341146,0.006223631601826596,-0.11037356874847704,0.3520142649641763,0.6082888545867058,0.0015642866128886546,0.0015642866128886546,0.12525881717582965,0.5063516008792601,0.3712877708840706,-62381074208175.875,0.5938440113877483,0.7531758004396301,0.06989897844598358,0.06989897844598358
h-SciBERT_j,-0.013556450000000001,,,,,,,,,,,,,,,,,,,,,,,,,,,,,,,,,,,,,,,,,,,,,,,,,,,,,,,,,,,,,,,,,,,,,,,,,,,,,0.0554089,0.06001965,0.03967085,0.03408615,0.04617915,0.00291751,0.195677,0.00341188,0.1071005,,,,,,,,,,,,,,,,,,,,,,,,,,,,,,,-33174.54934152627,,,,,,,,,0.06064765,,,,,0.9918873553692497,0.9950045000000001,,,,,,,,,0.0682213,,,,,log_cpy_j,0.005522132248658718,0.21747150597603349,0.008112644630750343,-0.12412248995518271,0.35207672361103903,0.6087357529880167,0.0027033895701296107,0.0027033895701296107,0.12852300955062124,0.5069618714124787,0.3724619214913423,-60704883862802.13,0.5948265921455161,0.7534809357062393,0.0710488114999992,0.0710488114999992
h-Word2Vec_j,-0.01226565,,,,,,,,,,,,,,,,,,,,,,,,,,,,,,,,,,,,,,,,,,,,,,,,,,,,,,,,,,,,,,,,,,,,,,,,,,,,,,,,,,,,,,,-0.005467035,-0.02654,0.08685725,0.0508018,0.0516124,0.028491950000000002,0.02689335,-0.08226085,0.0904059,,,,,,,,,,,,,,,,,,,,,-33513.751695043255,,,,,,,,,,0.0238662,,,,0.9936384723090478,0.996235,,,,,,,,,,0.06325425000000001,,,,log_cpy_j,0.0020076520194683978,0.21597218377778515,0.006361527690952218,-0.09606782395825597,0.35256069245386445,0.6079860918888926,0.0007925723185222555,0.0007925723185222555,0.12547438467984118,0.5059957303913762,0.37136524424391537,-60421096717060.06,0.5922824148024654,0.7529978651956881,0.06922846983112474,0.06922846983112474
h-BOW_j.h-nondens,-0.00935674,,,,,,,,,,,,,,,,,,,,,,,,,,,,,,,,,,,,,,,,,,,,,,,-0.06258065,-0.0516282,-0.09550945,-0.1259405,-0.001470885,-0.0116299,-0.0513572,-0.08655979999999999,0.00168278,,,,,,,,,,,,,,,,,,,,,,,,,,,,,,,,,,,,,,,,,,0.211456,-0.047654550000000004,0.272004,0.1188255,0.283992,0.130578,0.08267379999999999,0.06008075,0.25168100000000004,,0.166845,-0.0234018,0.0819624,0.07461780000000001,0.01408155,0.165742,0.1197875,0.1539455,0.1689315,-34216.97198826621,,,,,,-0.053638450000000004,,,,,0.1518495,0.10305249999999999,,0.9700913594389567,0.971753,,,,,,0.0511509,,,,,0.125779,0.080992,,log_cpy_j,0.04874777144788467,0.240845809972568,0.029908640561043254,-0.6031368420058476,0.3763681154957095,0.6204229049862839,0.032492866023605904,0.032492866023605904,0.16026397222371846,0.5207714231589669,0.3839960254146402,-65861244816304.75,0.6097420125990172,0.7603857115794834,0.09706789352171596,0.09706789352171596
h-GPT2_j.h-nondens,-0.005360175,,,,,,,,,,,,,,,,,,,,,,,,,,,,,,,,,,,,,,,,,,,,,,,,,,,,,,,,,0.0990113,0.107167,0.056096049999999995,0.0695628,0.005835140000000001,-0.002739045,0.084094,-0.00577222,-0.01416255,,,,,,,,,,,,,,,,,,,,,,,,,,,,,,,,0.215177,-0.04595375,0.257795,0.1192025,0.2841655,0.129782,0.022031799999999997,0.05592165,0.20848,,0.15568900000000002,-0.0535051,0.0727747,0.05585725,0.011786600000000001,0.1650145,0.0506071,0.1505225,0.145671,-34345.29238534466,,,,,,,0.044224650000000004,,,,0.13863550000000002,0.08346385,,0.970388329467978,0.9765695000000001,,,,,,,0.05616685,,,,0.126383,0.0860632,,log_cpy_j,0.04816527653452407,0.24017025365626987,0.02961167053202196,-0.5417730977944344,0.37494649794857793,0.6200851268281349,0.03163190053858678,0.03163190053858678,0.159798051023037,0.5203879735623318,0.38382515653336446,-65692712329142.11,0.6086506899470068,0.7601939867811659,0.09634542209837083,0.09634542209837083
h-SBERT_j.h-nondens,0.00352517,,,,,,,,,,,,,,,,,,,,,,,,,,,,,,,,,,,,,,,,,,,,,,,,,,,,,,,,,,,,,,,,,,,-0.0129021,0.051114450000000006,0.058158749999999995,-0.001825755,0.0294409,0.01203185,-0.0763247,-0.00426576,-0.01042475,,,,,,,,,,,,,,,,,,,,,,0.1817645,-0.0631559,0.23737550000000002,0.115159,0.28612,0.18097,0.01727235,0.02725255,0.209909,,0.140024,-0.05446915,0.09022145,0.06750695,-0.004990245,0.167934,0.0755037,0.1436445,0.14529150000000002,-34456.353575190245,,,,,,,,0.005193945,,,0.133472,0.08520775,,0.9707341176187176,0.9787855000000001,,,,,,,,0.04678425,,,0.13261050000000002,0.0846363,,log_cpy_j,0.047486802153717034,0.23972007044098187,0.02926588238128236,-0.5360292694816609,0.37391200420010495,0.6198600352204909,0.031058162715481563,0.031058162715481563,0.15959217769387046,0.5200535430110949,0.38374967099279067,-66475148913874.4,0.6088823150585698,0.7600267715055474,0.09571530925307792,0.09571530925307792
h-SciBERT_j.h-nondens,-0.009005615,,,,,,,,,,,,,,,,,,,,,,,,,,,,,,,,,,,,,,,,,,,,,,,,,,,,,,,,,,,,,,,,,,,,,,,,,,,,,0.05561645,0.07342185000000001,0.00666509,0.0274791,0.03946025,0.000692487,0.1859965,-0.0304682,0.057167499999999996,,,,,,,,,,,,0.2114275,-0.048351649999999996,0.25151100000000004,0.1168865,0.2865685,0.12988149999999998,0.1073,0.05027715,0.2491675,,0.1548025,-0.0511811,0.07853065000000001,0.0748735,-0.001703045,0.16530850000000002,0.0499382,0.165378,0.158542,-33734.591115451476,,,,,,,,,0.0468052,,0.15131850000000002,0.08835370000000001,,0.9696620839582719,0.9710995,,,,,,,,,0.06992265,,0.123773,0.09029970000000001,,log_cpy_j,0.049589463118060895,0.24092312496986734,0.030337916041728086,-0.6091690861381802,0.3747825807947949,0.6204615624849337,0.03259140043523545,0.03259140043523545,0.16082153022049528,0.5208244710879737,0.3842005628888786,-65867740220957.06,0.6091141644468359,0.7604122355439868,0.09716784306687498,0.09716784306687498
h-Word2Vec_j.h-nondens,-0.00834817,,,,,,,,,,,,,,,,,,,,,,,,,,,,,,,,,,,,,,,,,,,,,,,,,,,,,,,,,,,,,,,,,,,,,,,,,,,,,,,,,,,,,,,-0.03556065,-0.01953975,0.02476805,0.014302800000000001,-0.01885055,-0.0015899400000000002,-0.01092895,-0.113818,0.004882255,,0.212897,-0.04659285,0.257927,0.1140345,0.28504050000000003,0.1308935,0.0859395,0.06582345,0.2507195,,0.16549550000000002,-0.0273645,0.0758866,0.07691125,0.02060535,0.1635415,0.11249999999999999,0.167762,0.1684075,-34062.3732556735,,,,,,,,,,-0.01746055,0.150447,0.1028295,,0.9713266424740352,0.972311,,,,,,,,,,0.046706899999999996,0.122693,0.0817978,,log_cpy_j,0.04632364123794308,0.2397433890588887,0.028673357525964782,-0.5880970699848589,0.3752680054267359,0.6198716945294444,0.031087881222572333,0.031087881222572333,0.15808196022252063,0.5200682961709764,0.3831962169086728,-66150267268823.5,0.6084748357630188,0.7600341480854882,0.09574310622173265,0.09574310622173265
h-BOW-SciBERT.h-nondens,-0.0077151,,,,,,,,,,,,,,,,,,,,,,,,,,,,,,,,,,,,,,,,,,,,,,,-0.06289315000000001,-0.06102765,-0.1095935,-0.128719,-0.0006276175,-0.0337857,-0.1106505,-0.08147304999999999,-0.015906999999999998,,,,,,,,,,,,,,,,,,,,,,0.05083455,0.0892812,0.016764550000000003,0.028676149999999997,0.04333305,-0.0296053,0.2036735,-0.02472505,0.0629165,,,,,,,,,,,,0.217532,-0.021213700000000002,0.26960850000000003,0.110494,0.3089515,0.1958315,0.108572,0.06878324999999999,0.22637849999999998,,0.156714,-0.0320906,0.07697129999999999,0.0568572,-0.01435495,0.1450075,0.0622649,0.1689045,0.154453,-19149.235112413273,,,,,,-0.0672033,,,0.049074099999999996,,0.165283,0.08572070000000001,,0.96786484647065,0.9694294999999999,,,,,,0.0523739,,,0.0798732,,0.11985599999999999,0.08607285,,log_cpy_j,0.053109308860364024,0.24327791203728377,0.032135153529350036,-0.627034165409833,0.3800843623805966,0.6216389560186419,0.03559246835615215,0.03559246835615215,0.16399224998624795,0.5223319037002874,0.3853650203604564,-65176762966435.98,0.6117318891728116,0.7611659518501437,0.10000805203976748,0.10000805203976748
h-dens.h-nondens,-0.008477539999999999,,,,,,,,,,,,,,,,,,,,,,,,,,,,,,,,,,,,,,,,,,,,,,,-0.0470202,-0.05078825,-0.114605,-0.15270899999999998,0.014427849999999999,-0.03477165,-0.08189435,-0.02463125,-0.008156045,,0.07599625,0.07370655000000001,0.04748285,0.0229172,-0.00201734,-0.0147863,0.043085849999999995,-0.0037985049999999998,-0.0371581,,-0.0241399,0.07538425,0.0439262,-0.01037555,0.00749503,-0.0029234350000000003,-0.058087650000000005,0.03200635,-0.02612255,,0.03126695,0.039267800000000005,-0.04466765,0.00970928,0.05201815,-0.023473300000000002,0.2145735,-0.01164305,0.0952841,,-0.004167775,-0.02919815,0.05603585,0.06783725,-0.03839095,0.00525144,-0.04139105,-0.111239,-0.01896375,,0.221526,-0.01321665,0.262253,0.106277,0.31262049999999997,0.195599,0.1022315,0.0762857,0.229625,,0.15884,-0.0436258,0.06794795000000001,0.0391483,-0.006136235,0.146368,0.07763044999999999,0.18018099999999998,0.165058,-19189.75881263876,,,,,,-0.0557922,0.02280405,0.00361349,0.04045235,-0.013205749999999999,0.165668,0.08786655,,0.9657944397022736,0.9670045,,,,,,0.06185625,0.047873399999999997,0.0539165,0.090172,0.06323705,0.118214,0.09170745,,log_cpy_j,0.057156055794496896,0.24513545101432443,0.03420556029772637,-0.6342743265577213,0.38048216221718434,0.6225677255071622,0.03795981643317592,0.03795981643317592,0.16764962729623756,0.523529590359153,0.38671095047496507,-64729612634846.82,0.6133779409812297,0.7617647951795765,0.10226465732177925,0.10226465732177925
h2-dens,-0.00844762,-0.0462792,0.08998805,0.00958243,0.05502685,-0.005422445,-0.056230100000000005,0.107075,0.035356,0.060126399999999997,-0.026116050000000002,-0.06255645,0.04875205,0.1120585,0.0388483,0.0864566,-0.125647,0.0733666,0.003208645,0.034195199999999995,0.050910750000000005,0.0440484,0.016944800000000003,0.078711,0.046414899999999995,0.05141255,0.0152205,0.011347300000000001,0.03319875,0.003437745,0.02810505,-0.02659815,0.087453,-0.06180845,0.195065,0.02711035,-0.0764363,0.02701245,0.0033938550000000003,0.00301307,-0.0817543,0.01121355,0.01276335,0.05419485,0.106855,0.09065055,,,,,,,,,,,,,,,,,,,,,,,,,,,,,,,,,,,,,,,,,,,,,,,,,,,,,,,,,,,,,,,,,,,,,,,-167946.29393036163,-0.01862105,0.048738699999999996,0.0296827,0.0503981,0.02640025,,,,,,,,0.028841600000000002,0.9930914481255021,0.9979374999999999,0.0642083,0.0433284,0.0562236,0.06820665000000001,0.06166375,,,,,,,,0.040549,log_cpy_j,0.003106191762508703,0.216715675683107,0.0069085518744979035,-0.10301317408218602,0.35265863893601923,0.6083578378415535,0.001740118590283668,0.001740118590283668,-0.1469262784754799,0.16043798350367056,-0.06474603009083313,-4.74847854573153,0.30889077989974556,0.5802189917518352,-0.06954488174084883,-0.06954488174084883
h2-dens.h-nondens,-0.00570373,-0.0612437,0.09873219999999999,-0.015843799999999998,0.0547786,-0.034109,-0.04731365,0.105606,0.04758515,0.07106595,-0.01447045,-0.0925835,0.05464645,0.0573164,0.00599646,0.02544165,-0.12572,0.06727185,-0.002377555,0.02809785,0.015573150000000001,-0.0011233,0.005626964999999999,0.02480705,0.03661575,-0.01316585,-0.0115858,-0.00331117,0.01160025,0.0009285485,-0.0024983899999999996,-0.04375225,0.0813683,-0.07574095,0.1732345,-0.0007812115,-0.08603605,-0.00697357,-0.005288205,-0.028281550000000003,-0.110174,0.00298421,-0.0169189,-0.01613675,0.058401400000000006,0.01054065,,,,,,,,,,,,,,,,,,,,,,,,,,,,,,,,,,,,,,,,,,,,,,,,,,,,0.2063995,-0.05196245,0.25572150000000005,0.1168765,0.2862485,0.13932250000000002,0.0476313,0.05027375,0.230117,,0.157474,-0.04356195,0.07922345,0.06966365,0.006611485,0.16719650000000003,0.08149995,0.1566865,0.15935349999999998,-170946.27455229947,-0.0422212,0.035727800000000004,0.002832705,0.034618750000000004,-0.01097575,,,,,,0.141789,0.09260589999999999,0.003899225,0.9703078304378023,0.974237,0.05255435,0.0558426,0.045483499999999996,0.06653120000000001,0.04602175,,,,,,0.1252855,0.0834544,0.045152250000000005,log_cpy_j,0.04832318979811534,0.24028307678299843,0.029692169562197668,-0.5658139560588662,0.3753943106980364,0.6201415383914992,0.03177568842966527,0.03177568842966527,-0.1171405009269253,0.17495685803136063,-0.05082930648904016,-4.726039337958528,0.32561326679696667,0.5874784290156803,-0.05104882351690421,-0.05104882351690421
